,LTEE.5..1,LTEE.6..1,LTEE.7..1,LTEE.8..1,LTEE.9..1,LTEE.13..1,LTEE.16..1,LTEE7.2,LTEE.5..2,LTEE.6..2,LTEE.8..2,LTEE.9..2,LTEE.13..2,LTEE.16..2,LTEE7.3,LTEE17.3,LTEE.5..3,LTEE.6..3,LTEE.8..3,LTEE.9..3,LTEE.13..3,LTEE.16..3,LTEE7.4,LTEE17.4,LTEE.5..4,LTEE.6..4,LTEE.8..4,LTEE.9..4,LTEE.13..4,LTEE.16..4,LTEE7.5,LTEE17.5,LTEE.5..5,LTEE.6..5,LTEE.8..5,LTEE.9..5,LTEE.13..5,LTEE.16..5,LTEE17.6,LTEE.5..6,LTEE.6..6,LTEE.7..6,LTEE.8..6,LTEE.13..6,LTEE.16..6,LTEE17.7,LTEE.5..7,LTEE.6..7,LTEE.8..7,LTEE.9..7,LTEE.13..7,LTEE.16..7,LTEE17.8,LTEE.5..8,LTEE.6..8,LTEE.8..8,LTEE.9..8,LTEE.13..8,LTEE.16..8,LTEE2.17.9,LTEE5.9,LTEE6.9,LTEE8.9,LTEE9.9,LTEE13.9,LTEE16.9,LTEE2.17.11,LTEE5.11,LTEE8.11,LTEE9.11,LTEE13.11,LTEE16.11,LTEE2.16.12,LTEE2.17.12,LTEE2.9.12,LTEE5.12,LTEE6.12,LTEE8.12,LTEE2.17.13,LTEE2.5.13,LTEE2.6.13,LTEE2.8.13,LTEE2.9.13
LTEE.5..1,0,0.42064654,0.062149544,0.193087354,0.099973386,0.050119769,0.167900946,0.164255237,0.22442536,0.315717826,0.204087787,0.171106088,0.350177118,0.404837037,0.167538421,0.440296257,0.479217827,0.454375083,0.45779015,0.334444605,0.493282396,0.226055791,0.325126453,0.223470798,0.296023133,0.24608329,0.135145947,0.117919207,0.400630804,0.136938572,0.191685816,0.284201946,0.108879275,0.300494796,0.19250279,0.388315685,0.405744471,0.250592733,0.202189323,0.124124548,0.132131939,0.162102264,0.171782898,0.215463317,0.201132286,0.416901687,0.281909979,0.439866274,0.162607453,0.322003802,0.197204137,0.246289124,0.372106254,0.297912739,0.301427966,0.276823009,0.292102154,0.230578804,0.360955107,0.203039713,0.400097727,0.394744837,0.491217047,0.346687808,0.315377559,0.176257671,0.368632937,0.492474428,0.280674996,0.367641417,0.451229095,0.478334,0.207138569,0.257965521,0.157029406,0.278564133,0.414550098,0.16369601,0.213051767,0.28808318,0.521194904,0.249733831,0.216109678
LTEE.6..1,0.42064654,0,0.472424378,0.284248004,0.413342098,0.462035696,0.413843509,0.456675057,0.528828789,0.58706634,0.38818155,0.462042928,0.619768201,0.677355458,0.459493316,0.704629976,0.737075848,0.722133744,0.719026515,0.60592954,0.755482153,0.505065724,0.594203208,0.48369621,0.572947525,0.526499715,0.437753661,0.419703129,0.594802607,0.438962284,0.484225476,0.555061513,0.406324262,0.571310029,0.442922614,0.648081326,0.673582312,0.527511894,0.482521256,0.425247197,0.430852173,0.441802103,0.435965292,0.555018896,0.484539487,0.693339941,0.560921676,0.714387601,0.455516884,0.596590112,0.508152324,0.526335007,0.649730867,0.576483494,0.580487616,0.556868172,0.570078622,0.512343047,0.638085838,0.487487873,0.667573634,0.669455228,0.761712917,0.623415797,0.607891379,0.464962818,0.643919264,0.733936375,0.543628971,0.634058563,0.704706819,0.746071882,0.478249519,0.537769711,0.442869554,0.546018788,0.638567847,0.428223095,0.495938143,0.566376553,0.791262539,0.530980046,0.498800405
LTEE.7..1,0.062149544,0.472424378,0,0.247217081,0.109624397,0.014642057,0.223368428,0.173718689,0.233599718,0.324943144,0.213241605,0.180462101,0.366960198,0.416327914,0.176646783,0.454964848,0.503438388,0.476244576,0.478080909,0.348225036,0.517073516,0.235418126,0.33648105,0.245898928,0.310280875,0.262374108,0.146562071,0.129205732,0.424456795,0.149093293,0.202945664,0.309251244,0.131511269,0.324171007,0.202881157,0.412176461,0.421645682,0.265707757,0.214147037,0.134846315,0.147149205,0.200258909,0.183796809,0.226837408,0.213255858,0.432376266,0.296535389,0.460758678,0.17338276,0.337731945,0.210347196,0.258292627,0.385914215,0.315509533,0.318389442,0.287810043,0.304167903,0.242472797,0.376557651,0.214695565,0.41951821,0.408142641,0.512105933,0.358951008,0.328147686,0.187670659,0.381293235,0.512358246,0.304197165,0.387638465,0.475734812,0.492891671,0.227748198,0.267276877,0.17843932,0.300089435,0.44785901,0.172692995,0.222343526,0.296996229,0.532209334,0.258908702,0.225366545
LTEE.8..1,0.193087354,0.284248004,0.247217081,0,0.205088821,0.236682232,0.237757717,0.264081355,0.324991311,0.409062347,0.202403938,0.270134449,0.442661518,0.500135899,0.267826808,0.529287423,0.561280607,0.546330233,0.542910601,0.429032932,0.579072722,0.324307329,0.416480253,0.293249148,0.395368897,0.34535634,0.243761836,0.225261053,0.429627056,0.244907355,0.292465038,0.377985399,0.212373885,0.394328933,0.250038107,0.472056127,0.496935477,0.342722233,0.300852647,0.231078245,0.237283392,0.251259442,0.248861856,0.351026829,0.304058328,0.51632845,0.382817464,0.537574596,0.265066577,0.418613444,0.303605587,0.346785927,0.472798116,0.399285053,0.401663627,0.378019244,0.391903364,0.332026349,0.461000039,0.305795332,0.490810001,0.492663116,0.58500674,0.446287398,0.413987423,0.279082501,0.458743613,0.562951316,0.365162071,0.457157474,0.529084476,0.568999274,0.297739084,0.357084174,0.252257163,0.366870386,0.476736923,0.235536232,0.314851726,0.385081678,0.61482926,0.350429429,0.317665546
LTEE.9..1,0.099973386,0.413342098,0.109624397,0.205088821,0,0.106935239,0.16106312,0.069271931,0.151116027,0.226812937,0.116997188,0.07569075,0.269252092,0.318425624,0.070291482,0.356449459,0.405651727,0.378014345,0.380299438,0.249508209,0.419217369,0.131509486,0.238741075,0.184578081,0.212889326,0.178919518,0.060617271,0.044319949,0.35393606,0.064712064,0.099961371,0.228258928,0.068886374,0.242357388,0.101962308,0.317388521,0.324248005,0.170375215,0.115294915,0.050789623,0.070472625,0.119670499,0.093333961,0.204085863,0.107916443,0.334917348,0.204197785,0.371581989,0.075543349,0.247221767,0.1439658,0.166826201,0.292509971,0.230778164,0.232441827,0.189426274,0.21102164,0.148910019,0.281823122,0.11382553,0.332817565,0.312531518,0.415462297,0.263167622,0.242805359,0.087361652,0.301285528,0.426898223,0.225442525,0.295079593,0.391890305,0.400086846,0.13937296,0.170890916,0.103879528,0.211980876,0.364689134,0.091270309,0.120857578,0.204945776,0.435344668,0.155094873,0.123873946
LTEE.13..1,0.050119769,0.462035696,0.014642057,0.236682232,0.106935239,0,0.211962894,0.171677182,0.232273163,0.323309161,0.211628062,0.178504396,0.362800124,0.412631339,0.17517618,0.451096909,0.499383191,0.472450914,0.474219055,0.344328269,0.512764293,0.234042921,0.33509276,0.23687715,0.306486674,0.258293353,0.144928728,0.128214705,0.41700891,0.147800144,0.201220038,0.303900235,0.121534873,0.315814631,0.201608245,0.408425319,0.417673517,0.2616875,0.212275801,0.132671048,0.143482424,0.192924344,0.1822142,0.22556832,0.21089206,0.428167641,0.292415916,0.456436366,0.17146859,0.333564418,0.206721639,0.256915568,0.382489453,0.310912766,0.313668803,0.285498237,0.302670148,0.240318973,0.371969724,0.213061628,0.415296145,0.405438912,0.507844291,0.357204117,0.325840599,0.186034131,0.37711398,0.507895183,0.296678819,0.38341242,0.469830047,0.488966334,0.22100229,0.26536773,0.171525186,0.29348027,0.441394167,0.17137938,0.220571626,0.295710303,0.528896928,0.257053655,0.223328277
LTEE.16..1,0.167900946,0.413843509,0.223368428,0.237757717,0.16106312,0.211962894,0,0.189890634,0.296969043,0.336463555,0.223666161,0.197245506,0.370281356,0.4221075,0.194473944,0.462342452,0.498329852,0.4767455,0.479825624,0.357576024,0.514662944,0.25107757,0.35227869,0.26409815,0.321322015,0.271783898,0.165890974,0.147894697,0.413362401,0.166321649,0.219043381,0.320681336,0.142672259,0.337520907,0.212572317,0.409360712,0.426943963,0.273952629,0.230546233,0.15310973,0.155433575,0.177633019,0.193468181,0.329551725,0.228958165,0.441598734,0.307581053,0.464075889,0.188095556,0.345457324,0.27001578,0.271489792,0.39743084,0.325156672,0.325346113,0.302514701,0.316209576,0.267842956,0.384215621,0.230281703,0.416478761,0.418635629,0.509251647,0.370395136,0.374476308,0.20328,0.410696045,0.509223308,0.312108066,0.399926425,0.463137086,0.493913243,0.233821711,0.283797179,0.185694212,0.298493116,0.409238352,0.188486933,0.240329212,0.312241265,0.540979772,0.276036802,0.243566055
LTEE7.2,0.164255237,0.456675057,0.173718689,0.264081355,0.069271931,0.171677182,0.189890634,0,0.166871989,0.202547913,0.084516349,0.010602657,0.262697588,0.263613282,0.034885259,0.302142287,0.350404564,0.330606702,0.324722672,0.21880547,0.365288698,0.075608333,0.190320435,0.233992426,0.161185235,0.164470212,0.046170963,0.059095552,0.352250065,0.050180307,0.068557647,0.232691323,0.103082397,0.252411821,0.066839648,0.305549163,0.296888651,0.117092282,0.066657248,0.04731115,0.055631979,0.0941276,0.058473053,0.226573384,0.059839122,0.300972429,0.212044484,0.326545928,0.050266123,0.198149593,0.182691749,0.128805949,0.25703151,0.235766569,0.194178496,0.148139418,0.171457939,0.163473738,0.234587866,0.097169404,0.317636845,0.29903385,0.371133513,0.25562327,0.277681667,0.082736285,0.329949681,0.392015961,0.250215136,0.311470101,0.354053824,0.359074022,0.093813877,0.125435922,0.077583869,0.190226098,0.328140909,0.064148318,0.086464674,0.183526178,0.388633379,0.117689838,0.08897745
LTEE.5..2,0.22442536,0.528828789,0.233599718,0.324991311,0.151116027,0.232273163,0.296969043,0.166871989,0,0.104910286,0.239124993,0.167459487,0.146201818,0.198434313,0.146995574,0.243849062,0.288102099,0.263194995,0.264086895,0.134324208,0.305596827,0.106649108,0.16198647,0.302065475,0.13827796,0.144587359,0.205670952,0.187966548,0.444468745,0.208912414,0.146954387,0.143917142,0.205037234,0.179447845,0.167002198,0.225743292,0.229401034,0.160742241,0.165942284,0.191789991,0.206590214,0.248235442,0.209624647,0.136590141,0.130725697,0.323019889,0.198193121,0.355635165,0.17493702,0.234812024,0.134629791,0.173490171,0.280969098,0.220973826,0.22408324,0.188219445,0.2015421,0.153461938,0.266758867,0.165681265,0.317428832,0.293963385,0.394780568,0.251099045,0.222779088,0.159948343,0.298455403,0.411438425,0.214743638,0.274403883,0.370259647,0.386941918,0.215973046,0.195568175,0.241982385,0.205857966,0.346214565,0.226857456,0.177584377,0.215057271,0.422794961,0.185825971,0.178029978
LTEE.6..2,0.315717826,0.58706634,0.324943144,0.409062347,0.226812937,0.323309161,0.336463555,0.202547913,0.104910286,0,0.266532695,0.202891772,0.070805876,0.121239672,0.178864,0.146576826,0.191152632,0.164019656,0.168271805,0.039049585,0.20898236,0.134344494,0.121997863,0.371251025,0.097325367,0.1155876,0.236202401,0.21800648,0.467767396,0.237971207,0.152247699,0.124655266,0.252363698,0.174374116,0.195087954,0.163786169,0.170187495,0.143284785,0.194315718,0.225262213,0.237061219,0.278486991,0.236564967,0.203775348,0.159880764,0.276966948,0.188787445,0.308829335,0.200764186,0.21190069,0.216519268,0.193013569,0.239878645,0.198349928,0.209915622,0.190697029,0.196947412,0.185748578,0.232701833,0.192748131,0.270491734,0.248252236,0.346130972,0.209205159,0.234629359,0.187516337,0.328056228,0.361857052,0.22490454,0.254662137,0.323851372,0.337459928,0.243127014,0.196708741,0.272428456,0.200940456,0.309518758,0.258996293,0.20271733,0.21335729,0.37634879,0.194203332,0.203397744
LTEE.8..2,0.204087787,0.38818155,0.213241605,0.202403938,0.116997188,0.211628062,0.223666161,0.084516349,0.239124993,0.266532695,0,0.088929245,0.324693273,0.329931591,0.107228038,0.361296894,0.403969485,0.389579519,0.378829385,0.281732164,0.423549057,0.147974184,0.252699488,0.248475314,0.227079276,0.223623181,0.093012031,0.103787465,0.340834762,0.095641501,0.134498297,0.288124279,0.137451102,0.30752117,0.084329675,0.358937753,0.355127105,0.174398668,0.126227673,0.09457808,0.096700168,0.12994223,0.084775109,0.277825064,0.131324209,0.359326789,0.266478132,0.383774891,0.111507646,0.256269078,0.235266593,0.184676288,0.314475016,0.290083848,0.249517068,0.20898122,0.22986286,0.221686205,0.294323661,0.156688261,0.363279141,0.356018683,0.425025094,0.312511183,0.33221252,0.144490644,0.377046661,0.431483129,0.290780622,0.361928438,0.400269176,0.410663926,0.149971868,0.188025754,0.120231414,0.243706289,0.384857749,0.080017959,0.147939532,0.241097168,0.449134348,0.180069947,0.150616444
LTEE.9..2,0.171106088,0.462042928,0.180462101,0.270134449,0.07569075,0.178504396,0.197245506,0.010602657,0.167459487,0.202891772,0.088929245,0,0.262838122,0.262854698,0.034443954,0.297168185,0.346572321,0.329272035,0.320618786,0.21807713,0.360844588,0.073733369,0.188854264,0.238490475,0.160151829,0.164332452,0.047576598,0.065365546,0.356473877,0.051053746,0.072584049,0.232266869,0.108489805,0.250593639,0.071062588,0.30386919,0.295827052,0.112139361,0.062218043,0.052693181,0.061319494,0.098553597,0.062676809,0.225744746,0.058264705,0.302430672,0.215081796,0.3252871,0.052874249,0.195574059,0.185655026,0.130036521,0.259262681,0.238781842,0.196146074,0.146497457,0.172599088,0.166646403,0.233003514,0.099905977,0.32012259,0.302100924,0.370030494,0.258387982,0.280984256,0.08596652,0.332606202,0.394120815,0.253825211,0.313823377,0.356394081,0.361271664,0.090198614,0.122460862,0.0772786,0.191490056,0.329268146,0.064217484,0.083963574,0.186339816,0.387337022,0.114869886,0.086165791
LTEE.13..2,0.350177118,0.619768201,0.366960198,0.442661518,0.269252092,0.362800124,0.370281356,0.262697588,0.146201818,0.070805876,0.324693273,0.262838122,0,0.098787086,0.238998974,0.137986323,0.156343582,0.132451647,0.134793186,0.066144794,0.175093595,0.195138954,0.164064199,0.403016693,0.148918304,0.149443572,0.293821638,0.277253148,0.510284851,0.297064909,0.210515214,0.131938359,0.290924823,0.155138262,0.253127615,0.167980914,0.202140061,0.183154552,0.254668265,0.284335299,0.293442627,0.32721918,0.295190323,0.232319595,0.219786384,0.296576294,0.214263965,0.316976029,0.257104001,0.249242315,0.252356756,0.249161886,0.270274949,0.214660868,0.242426211,0.246431291,0.25237795,0.225930599,0.261472687,0.247604299,0.282576203,0.273736113,0.343812061,0.236464016,0.243920924,0.242703323,0.331806093,0.376939019,0.231702669,0.24278471,0.331914559,0.352336513,0.294259641,0.253640045,0.32680429,0.250056121,0.330107576,0.317102788,0.259176643,0.24813794,0.398823006,0.250246835,0.260366519
LTEE.16..2,0.404837037,0.677355458,0.416327914,0.500135899,0.318425624,0.412631339,0.4221075,0.263613282,0.198434313,0.121239672,0.329931591,0.262854698,0.098787086,0,0.255190017,0.157458601,0.180557942,0.157259635,0.14705236,0.121209039,0.194888457,0.195706799,0.186288495,0.456042119,0.167962753,0.206848334,0.293643963,0.306921259,0.539885244,0.296451623,0.226834954,0.21348065,0.342053574,0.199211247,0.264128077,0.232564316,0.255714088,0.1856028,0.253738091,0.300441707,0.302088375,0.335987598,0.296822982,0.287431615,0.223712193,0.304727074,0.259238109,0.325176774,0.26855653,0.247992062,0.300815849,0.247986392,0.272910143,0.269792701,0.247007744,0.242641104,0.254007126,0.273425607,0.258015321,0.262423672,0.316108748,0.302617028,0.359193958,0.268156028,0.293085729,0.272679905,0.373341765,0.389770342,0.28862737,0.315457233,0.352439751,0.357126221,0.295487522,0.250280261,0.329796214,0.280057428,0.345347229,0.317135868,0.256177015,0.259879484,0.393690659,0.247652171,0.256975399
LTEE7.3,0.167538421,0.459493316,0.176646783,0.267826808,0.070291482,0.17517618,0.194473944,0.034885259,0.146995574,0.178864,0.107228038,0.034443954,0.238998974,0.255190017,0,0.29248838,0.340408434,0.31600905,0.316152147,0.192988412,0.35591071,0.064484244,0.179636598,0.234739105,0.152937344,0.143810604,0.063458578,0.061287209,0.353404057,0.068156484,0.062210219,0.211909142,0.111074711,0.23316334,0.069595115,0.283386771,0.274387243,0.111632115,0.071691316,0.05452967,0.073428652,0.118233588,0.07801314,0.2053871,0.058248353,0.293996573,0.198967194,0.328757862,0.045342303,0.209521417,0.167795949,0.129617529,0.254555209,0.223002912,0.195893258,0.15113056,0.174090244,0.154763711,0.242188506,0.081014442,0.30445282,0.284234451,0.372894664,0.240933958,0.263641268,0.065921174,0.317834096,0.388260854,0.236486714,0.298509583,0.349285158,0.359357336,0.111845635,0.136021259,0.107731354,0.186277955,0.3246509,0.092927087,0.091673787,0.175558747,0.391574569,0.120839442,0.095104789
LTEE17.3,0.440296257,0.704629976,0.454964848,0.529287423,0.356449459,0.451096909,0.462342452,0.302142287,0.243849062,0.146576826,0.361296894,0.297168185,0.137986323,0.157458601,0.29248838,0,0.089388265,0.111712852,0.117834822,0.120082869,0.094067539,0.232680341,0.15084621,0.486423729,0.158948243,0.224015691,0.322488073,0.343649988,0.563715294,0.324046767,0.264546528,0.184972594,0.373919539,0.251170505,0.299144208,0.142412848,0.158947635,0.216722504,0.285563782,0.33859974,0.342101082,0.37430144,0.333909855,0.316842038,0.261450255,0.311322659,0.304028457,0.293000138,0.308811851,0.285872171,0.346590122,0.290841632,0.296067137,0.304150753,0.28943694,0.277064694,0.297153829,0.316215281,0.276039921,0.304222733,0.317253671,0.324756221,0.309923236,0.286274367,0.318485385,0.31293452,0.41014487,0.392162454,0.32902849,0.30071553,0.334802277,0.332280913,0.331039482,0.284934396,0.35805034,0.321469713,0.373922159,0.347332781,0.29072233,0.294038826,0.393593788,0.284545571,0.290542563
LTEE.5..3,0.479217827,0.737075848,0.503438388,0.561280607,0.405651727,0.499383191,0.498329852,0.350404564,0.288102099,0.191152632,0.403969485,0.346572321,0.156343582,0.180557942,0.340408434,0.089388265,0,0.072603111,0.103593976,0.16043135,0.050717025,0.280661213,0.189856629,0.522106107,0.202768174,0.262610393,0.371466178,0.390432583,0.600212688,0.371969156,0.311740284,0.217573006,0.421778012,0.279694654,0.344054191,0.179657292,0.218809734,0.257889612,0.334295943,0.386432939,0.388054077,0.408159613,0.377960482,0.341822774,0.307857849,0.322665585,0.335778395,0.306914319,0.354695858,0.319378411,0.380395238,0.325289746,0.307752908,0.337162425,0.322726644,0.313990216,0.330547291,0.352005174,0.30396143,0.339157618,0.319769081,0.333111056,0.320078679,0.318429739,0.348846306,0.348650246,0.421094322,0.396476972,0.354795469,0.326190988,0.333929484,0.351007153,0.368333801,0.324063624,0.406864792,0.352194337,0.382022044,0.396046685,0.329331617,0.329622252,0.406100094,0.32295173,0.330050412
LTEE.6..3,0.454375083,0.722133744,0.476244576,0.546330233,0.378014345,0.472450914,0.4767455,0.330606702,0.263194995,0.164019656,0.389579519,0.329272035,0.132451647,0.157259635,0.31600905,0.111712852,0.072603111,0,0.093387993,0.134871932,0.054004021,0.26152493,0.181615856,0.50856323,0.180881514,0.235816293,0.357940427,0.362022393,0.588140726,0.357524235,0.286769762,0.192895496,0.394824142,0.248500661,0.320599116,0.192699012,0.236368531,0.240077198,0.317099302,0.360022014,0.362179932,0.388706564,0.357038793,0.318055068,0.281680575,0.277328161,0.309963083,0.294473241,0.326905288,0.299725638,0.354105743,0.300280553,0.276450168,0.308479547,0.294746234,0.300895929,0.303119344,0.323361645,0.288616602,0.313731786,0.295052336,0.290133797,0.312103165,0.293047105,0.324130553,0.323938864,0.378117977,0.357471952,0.332945083,0.315144973,0.306269744,0.323712031,0.349426986,0.307125593,0.391460196,0.325143529,0.356760423,0.383572954,0.313924304,0.299761921,0.38002235,0.305394905,0.314625209
LTEE.8..3,0.45779015,0.719026515,0.478080909,0.542910601,0.380299438,0.474219055,0.479825624,0.324722672,0.264086895,0.168271805,0.378829385,0.320618786,0.134793186,0.14705236,0.316152147,0.117834822,0.103593976,0.093387993,0,0.137344243,0.114733767,0.256113029,0.18703825,0.50725824,0.179632518,0.23777495,0.349275652,0.363069587,0.584668528,0.351460868,0.28786992,0.205878989,0.397189871,0.225030931,0.31920226,0.178054602,0.240201237,0.233353165,0.309280245,0.360517408,0.363455911,0.388022365,0.352277017,0.322716181,0.281294266,0.323077178,0.314554584,0.322385179,0.329862402,0.296364236,0.359248783,0.302106008,0.305914439,0.315108972,0.299453179,0.295428859,0.306400199,0.329072024,0.287692163,0.318155356,0.331476931,0.333005081,0.345193213,0.297925008,0.330127577,0.327542862,0.424744017,0.401938996,0.338740279,0.326737486,0.353686514,0.369763411,0.344366406,0.303130457,0.383379847,0.331683258,0.380558942,0.371085552,0.309116914,0.306849687,0.418127798,0.300174657,0.309654507
LTEE.9..3,0.334444605,0.60592954,0.348225036,0.429032932,0.249508209,0.344328269,0.357576024,0.21880547,0.134324208,0.039049585,0.281732164,0.21807713,0.066144794,0.121209039,0.192988412,0.120082869,0.16043135,0.134871932,0.137344243,0,0.176351401,0.147287672,0.119876774,0.389369081,0.096313454,0.123821234,0.248070166,0.237279103,0.479937812,0.252027871,0.166727602,0.124884038,0.27253264,0.178764815,0.210430643,0.159199684,0.165032527,0.152009212,0.208518352,0.241438638,0.252843904,0.290637943,0.251540365,0.215681137,0.17419938,0.268002128,0.201044845,0.296474957,0.21511454,0.216272994,0.239149466,0.20624759,0.241752785,0.209411841,0.214957756,0.202769568,0.209917732,0.208456939,0.233964385,0.205537879,0.266413303,0.250642456,0.330586543,0.216339509,0.245013891,0.205655137,0.34176119,0.355145292,0.238515498,0.25099076,0.313534435,0.330996695,0.253654517,0.211503855,0.285183558,0.216341231,0.313460178,0.273765442,0.216135067,0.223810377,0.374175527,0.207754131,0.217278806
LTEE.13..3,0.493282396,0.755482153,0.517073516,0.579072722,0.419217369,0.512764293,0.514662944,0.365288698,0.305596827,0.20898236,0.423549057,0.360844588,0.175093595,0.194888457,0.35591071,0.094067539,0.050717025,0.054004021,0.114733767,0.176351401,0,0.296123123,0.204434726,0.54838058,0.218966472,0.278495307,0.385771995,0.403841775,0.625283708,0.38738601,0.327777118,0.235031002,0.438455444,0.294854921,0.362623076,0.180188478,0.227492393,0.274632851,0.348644535,0.400524633,0.403574046,0.424793147,0.394400306,0.359701687,0.322259841,0.317041788,0.351776161,0.310634998,0.369922698,0.333684622,0.396724168,0.340405072,0.318989637,0.351905316,0.336915552,0.327342815,0.344795873,0.366402186,0.316868221,0.355158466,0.336593845,0.328772716,0.311396434,0.334291388,0.366817018,0.364726011,0.420435691,0.398889654,0.376131223,0.346046869,0.332299626,0.343768971,0.381880451,0.336974268,0.420207863,0.369442911,0.396002986,0.41063841,0.342883702,0.344112095,0.39948737,0.336735848,0.342806787
LTEE.16..3,0.226055791,0.505065724,0.235418126,0.324307329,0.131509486,0.234042921,0.25107757,0.075608333,0.106649108,0.134344494,0.147974184,0.073733369,0.195138954,0.195706799,0.064484244,0.232680341,0.280661213,0.26152493,0.256113029,0.147287672,0.296123123,0,0.132472652,0.286671231,0.104589573,0.119276321,0.106366879,0.120346174,0.392954899,0.110125525,0.084018309,0.177358123,0.165685817,0.21395453,0.086897934,0.248647764,0.239443857,0.094022674,0.068792047,0.112177321,0.121122818,0.160413691,0.114700167,0.185236105,0.043366228,0.27988641,0.194556677,0.306400326,0.092369152,0.18780114,0.165901296,0.110465955,0.238102107,0.217265391,0.179669139,0.131378666,0.158175174,0.154440345,0.220219344,0.101305143,0.298884844,0.276116436,0.349145049,0.234624602,0.258106292,0.097835618,0.315751325,0.373917275,0.231831416,0.291623762,0.339195684,0.340460217,0.125184814,0.132666318,0.14732412,0.182511202,0.320015433,0.132453298,0.097597923,0.179711238,0.37261621,0.118174857,0.101481655
LTEE7.4,0.325126453,0.594203208,0.33648105,0.416480253,0.238741075,0.33509276,0.35227869,0.190320435,0.16198647,0.121997863,0.252699488,0.188854264,0.164064199,0.186288495,0.179636598,0.15084621,0.189856629,0.181615856,0.18703825,0.119876774,0.204434726,0.132472652,0,0.379465796,0.050960809,0.102072389,0.214749706,0.220595459,0.456314605,0.215683326,0.146031518,0.09268191,0.260175992,0.252305864,0.184809098,0.136906108,0.133040992,0.113904981,0.182483119,0.220112343,0.223633301,0.260825281,0.221939558,0.261393335,0.150010626,0.296579653,0.254377207,0.311811638,0.206002264,0.247618477,0.247083769,0.195792158,0.278169929,0.266783911,0.249615865,0.208929083,0.224305497,0.244252133,0.266324163,0.202404915,0.313839194,0.311691812,0.355495659,0.265699102,0.298219629,0.21292212,0.398419584,0.397147815,0.300656734,0.299490294,0.33936931,0.349374468,0.238996753,0.233703713,0.254125049,0.260579941,0.362882202,0.240948689,0.199593438,0.272352092,0.392254381,0.220130769,0.203238101
LTEE17.4,0.223470798,0.48369621,0.245898928,0.293249148,0.184578081,0.23687715,0.26409815,0.233992426,0.302065475,0.371251025,0.248475314,0.238490475,0.403016693,0.456042119,0.234739105,0.486423729,0.522106107,0.50856323,0.50725824,0.389369081,0.54838058,0.286671231,0.379465796,0,0.349929549,0.291822203,0.21442099,0.192597374,0.22527492,0.209883011,0.255255043,0.334886834,0.158795679,0.328930161,0.243599917,0.428550475,0.454283713,0.295607527,0.272356649,0.204438401,0.201586853,0.225916835,0.224301093,0.286258291,0.266244943,0.465654188,0.337296238,0.492901575,0.22761212,0.369049017,0.278595326,0.300637886,0.425068486,0.352021799,0.351750765,0.337040239,0.337679178,0.29305657,0.413104613,0.267777494,0.434642486,0.446296779,0.53101417,0.398794172,0.374303308,0.241220235,0.414557753,0.476167127,0.320265918,0.415456318,0.481354478,0.520617167,0.280407193,0.319176822,0.239957869,0.336341717,0.477618289,0.232613124,0.280706991,0.34774902,0.57360486,0.31313587,0.283744525
LTEE.5..4,0.296023133,0.572947525,0.310280875,0.395368897,0.212889326,0.306486674,0.321322015,0.161185235,0.13827796,0.097325367,0.227079276,0.160151829,0.148918304,0.167962753,0.152937344,0.158948243,0.202768174,0.180881514,0.179632518,0.096313454,0.218966472,0.104589573,0.050960809,0.349929549,0,0.090516312,0.187413919,0.194450205,0.45086642,0.186103592,0.118254788,0.080586779,0.230083678,0.232369691,0.156765954,0.151952471,0.144272194,0.100721274,0.153931337,0.193999638,0.194422318,0.228411225,0.190852362,0.232548715,0.122983205,0.267956254,0.21925001,0.295975177,0.176801997,0.210847779,0.215117943,0.160365255,0.24355679,0.230896801,0.213035724,0.17510373,0.190734559,0.211604016,0.232001344,0.173110838,0.281520184,0.280879922,0.338735103,0.233319034,0.264497605,0.183876722,0.36077122,0.364823872,0.263371421,0.281331496,0.327067644,0.328565462,0.208771307,0.199078632,0.225609175,0.222980058,0.33003617,0.213663577,0.170043861,0.237857817,0.366619013,0.186423524,0.170999766
LTEE.6..4,0.24608329,0.526499715,0.262374108,0.34535634,0.178919518,0.258293353,0.271783898,0.164470212,0.144587359,0.1155876,0.223623181,0.164332452,0.149443572,0.206848334,0.143810604,0.224015691,0.262610393,0.235816293,0.23777495,0.123821234,0.278495307,0.119276321,0.102072389,0.291822203,0.090516312,0,0.190991971,0.169111684,0.399609502,0.188788641,0.106994313,0.082519404,0.173019685,0.204644556,0.151381617,0.16933536,0.184378473,0.083249146,0.158043416,0.181176791,0.17481617,0.205591506,0.186006992,0.218631709,0.134052603,0.306402085,0.213947633,0.331342397,0.169714805,0.236776656,0.204459102,0.189148027,0.270823866,0.213758049,0.227990423,0.209843224,0.215667915,0.206543914,0.264245091,0.183531456,0.291352189,0.288151604,0.379607561,0.243168518,0.259692568,0.158020582,0.342206725,0.387322462,0.24058203,0.288103856,0.34968038,0.370401962,0.208096042,0.230442228,0.222693465,0.224867513,0.335111392,0.21275411,0.201056365,0.246193058,0.414252405,0.221447382,0.20511219
LTEE.8..4,0.135145947,0.437753661,0.146562071,0.243761836,0.060617271,0.144928728,0.165890974,0.046170963,0.205670952,0.236202401,0.093012031,0.047576598,0.293821638,0.293643963,0.063458578,0.322488073,0.371466178,0.357940427,0.349275652,0.248070166,0.385771995,0.106366879,0.214749706,0.21442099,0.187413919,0.190991971,0,0.027238583,0.342888656,0.009156603,0.087605317,0.260617751,0.075652546,0.277544269,0.083938237,0.331665295,0.323548505,0.139364442,0.083427469,0.020656822,0.041011231,0.093937856,0.065236045,0.254434579,0.087300068,0.316716592,0.225126704,0.342127853,0.058564076,0.21664925,0.195232354,0.141408649,0.272372222,0.251223449,0.211076264,0.155793318,0.186789395,0.180008375,0.24939161,0.101577009,0.332298844,0.313660298,0.380961155,0.268576158,0.2912854,0.088641661,0.345424753,0.410733609,0.264524407,0.33140135,0.377866763,0.376998274,0.105704126,0.138022799,0.052513078,0.213946589,0.35452862,0.04479089,0.083560964,0.202829457,0.403038692,0.123645282,0.087086995
LTEE.9..4,0.117919207,0.419703129,0.129205732,0.225261053,0.044319949,0.128214705,0.147894697,0.059095552,0.187966548,0.21800648,0.103787465,0.065365546,0.277253148,0.306921259,0.061287209,0.343649988,0.390432583,0.362022393,0.363069587,0.237279103,0.403841775,0.120346174,0.220595459,0.192597374,0.194450205,0.169111684,0.027238583,0,0.327953932,0.027658623,0.08686575,0.239543572,0.055571018,0.2578274,0.086980943,0.311242454,0.308005737,0.151229852,0.101846708,0.018956245,0.045403535,0.098620012,0.072365175,0.231760195,0.09296312,0.318613278,0.206052792,0.355109178,0.057807378,0.22852801,0.17578268,0.149125636,0.275821756,0.23187858,0.215255864,0.177053431,0.190266917,0.161296438,0.265824946,0.097416554,0.31464618,0.294645699,0.397943999,0.250805984,0.271590036,0.072976913,0.327860843,0.413930365,0.244752887,0.314158333,0.37703072,0.386604085,0.122746588,0.157024248,0.073249179,0.198039488,0.350813671,0.065052426,0.105600264,0.190521503,0.423996234,0.143297271,0.108631455
LTEE.13..4,0.400630804,0.594802607,0.424456795,0.429627056,0.35393606,0.41700891,0.413362401,0.352250065,0.444468745,0.467767396,0.340834762,0.356473877,0.510284851,0.539885244,0.353404057,0.563715294,0.600212688,0.588140726,0.584668528,0.479937812,0.625283708,0.392954899,0.456314605,0.22527492,0.45086642,0.399609502,0.342888656,0.327953932,0,0.338061821,0.36558702,0.453812401,0.312950413,0.448176171,0.337194043,0.52149922,0.545947809,0.382878684,0.390886127,0.333836121,0.32790317,0.347939569,0.341832386,0.419875156,0.381029506,0.564600921,0.467978317,0.58602434,0.347075338,0.47335102,0.439093277,0.411316661,0.528140563,0.479908758,0.459477707,0.446784416,0.443386992,0.436037376,0.517187898,0.387291504,0.542034112,0.552209558,0.621755533,0.514268187,0.527414621,0.367700292,0.567923368,0.566191552,0.460676405,0.541014368,0.55908832,0.617755376,0.398446297,0.435948095,0.362768891,0.448354229,0.571046903,0.342560461,0.403941658,0.463477545,0.672758184,0.429974566,0.407203084
LTEE.16..4,0.136938572,0.438962284,0.149093293,0.244907355,0.064712064,0.147800144,0.166321649,0.050180307,0.208912414,0.237971207,0.095641501,0.051053746,0.297064909,0.296451623,0.068156484,0.324046767,0.371969156,0.357524235,0.351460868,0.252027871,0.38738601,0.110125525,0.215683326,0.209883011,0.186103592,0.188788641,0.009156603,0.027658623,0.338061821,0,0.092884243,0.257513728,0.072403241,0.274419216,0.085619665,0.328214141,0.323364344,0.13548768,0.084770622,0.024172633,0.040195215,0.091271738,0.062319484,0.250699853,0.086676491,0.318144342,0.226099727,0.339838274,0.060195924,0.213156175,0.196037192,0.138749276,0.271524563,0.249589102,0.209228245,0.158598326,0.184468572,0.182155763,0.251169641,0.105737054,0.329413136,0.316385845,0.380876953,0.271224105,0.290852585,0.094110285,0.344358085,0.408744172,0.262491108,0.331673095,0.375746519,0.374885026,0.108755482,0.13658621,0.053436172,0.211320914,0.354214945,0.046520086,0.087709001,0.201999141,0.403839348,0.12827128,0.089851399
LTEE7.5,0.191685816,0.484225476,0.202945664,0.292465038,0.099961371,0.201220038,0.219043381,0.068557647,0.146954387,0.152247699,0.134498297,0.072584049,0.210515214,0.226834954,0.062210219,0.264546528,0.311740284,0.286769762,0.28786992,0.166727602,0.327777118,0.084018309,0.146031518,0.255255043,0.118254788,0.106994313,0.087605317,0.08686575,0.36558702,0.092884243,0,0.177985817,0.132277469,0.261520037,0.055027284,0.251754299,0.241277697,0.07637398,0.116608313,0.079724198,0.096277779,0.144778029,0.106089594,0.237285539,0.106170355,0.288585148,0.19364825,0.324039567,0.079114148,0.204403457,0.176007283,0.139757242,0.248334702,0.218832448,0.193857747,0.14908928,0.170258172,0.171248524,0.237196255,0.118482833,0.298082475,0.279568919,0.367087778,0.23660093,0.257163241,0.102966559,0.327736276,0.38443678,0.236332817,0.294625365,0.344740501,0.354593872,0.152451949,0.169672788,0.132738143,0.192222649,0.321288086,0.118691603,0.131699725,0.197660007,0.388044194,0.153124387,0.136074566
LTEE17.5,0.284201946,0.555061513,0.309251244,0.377985399,0.228258928,0.303900235,0.320681336,0.232691323,0.143917142,0.124655266,0.288124279,0.232266869,0.131938359,0.21348065,0.211909142,0.184972594,0.217573006,0.192895496,0.205878989,0.124884038,0.235031002,0.177358123,0.09268191,0.334886834,0.080586779,0.082519404,0.260617751,0.239543572,0.453812401,0.257513728,0.177985817,0,0.219169868,0.185506778,0.218095724,0.116857714,0.154528228,0.134493812,0.223524536,0.250968694,0.245319306,0.267743835,0.253171655,0.224085376,0.190612132,0.326064624,0.244156521,0.336405902,0.238859644,0.276453627,0.22765701,0.228370868,0.308039999,0.240027932,0.266768497,0.249362642,0.258861617,0.226612956,0.302282949,0.230761634,0.296350466,0.322812675,0.387411471,0.272363275,0.27662523,0.226948564,0.352814595,0.389035676,0.23951561,0.258577156,0.338189871,0.375736897,0.272167586,0.269176293,0.288123273,0.255963641,0.360985376,0.280831021,0.243729909,0.283547991,0.431204614,0.260389802,0.24461585
LTEE.5..5,0.108879275,0.406324262,0.131511269,0.212373885,0.068886374,0.121534873,0.142672259,0.103082397,0.205037234,0.252363698,0.137451102,0.108489805,0.290924823,0.342053574,0.111074711,0.373919539,0.421778012,0.394824142,0.397189871,0.27253264,0.438455444,0.165685817,0.260175992,0.158795679,0.230083678,0.173019685,0.075652546,0.055571018,0.312950413,0.072403241,0.132277469,0.219169868,0,0.221437194,0.127291402,0.316968006,0.339452795,0.175734523,0.140277061,0.064480192,0.066626515,0.102854344,0.099895668,0.220170084,0.138842653,0.352306888,0.223748504,0.379496246,0.104021597,0.253541541,0.185434761,0.181625747,0.308920832,0.236067866,0.234062096,0.217637386,0.219791624,0.17405027,0.296713332,0.145526104,0.33187279,0.332019795,0.424236808,0.284507576,0.28256752,0.118826158,0.317814658,0.423751978,0.223188691,0.312683541,0.382993561,0.410220106,0.150108332,0.193846047,0.101188158,0.219516347,0.36436719,0.099013596,0.152160543,0.224216576,0.457370495,0.188124196,0.154890461
LTEE.6..5,0.300494796,0.571310029,0.324171007,0.394328933,0.242357388,0.315814631,0.337520907,0.252411821,0.179447845,0.174374116,0.30752117,0.250593639,0.155138262,0.199211247,0.23316334,0.251170505,0.279694654,0.248500661,0.225030931,0.178764815,0.294854921,0.21395453,0.252305864,0.328930161,0.232369691,0.204644556,0.277544269,0.2578274,0.448176171,0.274419216,0.261520037,0.185506778,0.221437194,0,0.266549529,0.218861787,0.299854228,0.225379586,0.233511449,0.268344776,0.260875483,0.279397117,0.26575152,0.180758063,0.200741017,0.327535187,0.221001748,0.348592353,0.235032437,0.245949502,0.236701119,0.233115315,0.289796439,0.218342395,0.229578036,0.251033169,0.241543895,0.205297764,0.280637541,0.226480192,0.302995989,0.307837652,0.385849821,0.266539567,0.256673059,0.223405017,0.305961823,0.382679296,0.200144162,0.26610211,0.341377814,0.381750265,0.267197564,0.228450882,0.301223711,0.239995283,0.337088959,0.296934578,0.239924734,0.233197051,0.435201562,0.229818332,0.240997259
LTEE.8..5,0.19250279,0.442922614,0.202881157,0.250038107,0.101962308,0.201608245,0.212572317,0.066839648,0.167002198,0.195087954,0.084329675,0.071062588,0.253127615,0.264128077,0.069595115,0.299144208,0.344054191,0.320599116,0.31920226,0.210430643,0.362623076,0.086897934,0.184809098,0.243599917,0.156765954,0.151381617,0.083938237,0.086980943,0.337194043,0.085619665,0.055027284,0.218095724,0.127291402,0.266549529,0,0.290059803,0.281963954,0.108212578,0.114392433,0.080249343,0.088199061,0.130455259,0.08111508,0.237890528,0.104987653,0.309108719,0.218265905,0.341312823,0.079574825,0.220511879,0.188758384,0.142558002,0.267094057,0.244048346,0.207416021,0.167575296,0.186618063,0.17708082,0.255487863,0.124004757,0.315263871,0.305839162,0.382235049,0.262994117,0.280962415,0.109493707,0.331847863,0.393781527,0.246120396,0.312793189,0.359280567,0.3665345,0.147315845,0.163908931,0.124395742,0.205179453,0.343241413,0.090456202,0.130590357,0.197694122,0.40489212,0.151920697,0.134680193
LTEE.9..5,0.388315685,0.648081326,0.412176461,0.472056127,0.317388521,0.408425319,0.409360712,0.305549163,0.225743292,0.163786169,0.358937753,0.30386919,0.167980914,0.232564316,0.283386771,0.142412848,0.179657292,0.192699012,0.178054602,0.159199684,0.180188478,0.248647764,0.136906108,0.428550475,0.151952471,0.16933536,0.331665295,0.311242454,0.52149922,0.328214141,0.251754299,0.116857714,0.316968006,0.218861787,0.290059803,0,0.1197204,0.199071308,0.297373271,0.323234552,0.329751309,0.353018735,0.32966392,0.288311485,0.262774857,0.373420285,0.303394219,0.360892554,0.31180131,0.330196182,0.319191262,0.298614887,0.360588563,0.30947104,0.330446869,0.303762457,0.306940367,0.296564839,0.354111624,0.30421773,0.354040184,0.372116829,0.387138535,0.324200536,0.346352708,0.300213741,0.435814659,0.43778645,0.329146561,0.305894787,0.370015213,0.399174306,0.348081827,0.322555459,0.363743121,0.313957306,0.420149422,0.355644375,0.315244598,0.34022416,0.477239603,0.312623078,0.315544988
LTEE.13..5,0.405744471,0.673582312,0.421645682,0.496935477,0.324248005,0.417673517,0.426943963,0.296888651,0.229401034,0.170187495,0.355127105,0.295827052,0.202140061,0.255714088,0.274387243,0.158947635,0.218809734,0.236368531,0.240201237,0.165032527,0.227492393,0.239443857,0.133040992,0.454283713,0.144272194,0.184378473,0.323548505,0.308005737,0.545947809,0.323364344,0.241277697,0.154528228,0.339452795,0.299854228,0.281963954,0.1197204,0,0.216256824,0.289092971,0.315441882,0.324150847,0.359607781,0.325974783,0.322984352,0.254698937,0.373652328,0.315472716,0.368811244,0.302186899,0.332058535,0.322953048,0.293380892,0.359625857,0.326564899,0.33062244,0.29710692,0.311787087,0.308853454,0.352160478,0.292774444,0.357260874,0.371775666,0.392579656,0.328305942,0.35426922,0.294346791,0.450094132,0.465063961,0.34852205,0.336892293,0.402161475,0.404163642,0.342389499,0.32203767,0.360082592,0.318490341,0.431241737,0.348416771,0.305248761,0.340497125,0.47243082,0.309111893,0.306152809
LTEE.16..5,0.250592733,0.527511894,0.265707757,0.342722233,0.170375215,0.2616875,0.273952629,0.117092282,0.160742241,0.143284785,0.174398668,0.112139361,0.183154552,0.1856028,0.111632115,0.216722504,0.257889612,0.240077198,0.233353165,0.152009212,0.274632851,0.094022674,0.113904981,0.295607527,0.100721274,0.083249146,0.139364442,0.151229852,0.382878684,0.13548768,0.07637398,0.134493812,0.175734523,0.225379586,0.108212578,0.199071308,0.216256824,0,0.124640676,0.147222626,0.146434514,0.180837075,0.142872885,0.231813934,0.113060053,0.298666707,0.223480236,0.318266583,0.135099237,0.206593532,0.212618461,0.158168577,0.26208186,0.241562118,0.213724412,0.173058007,0.19068652,0.213630869,0.241244102,0.168324222,0.304982476,0.299346102,0.361902488,0.262000275,0.283805292,0.153719177,0.357312249,0.374782197,0.257270964,0.298024656,0.338439565,0.350415726,0.17505789,0.192751903,0.172663373,0.222411294,0.337595638,0.161832497,0.163702115,0.238304567,0.39209324,0.184358103,0.167379132
LTEE17.6,0.202189323,0.482521256,0.214147037,0.300852647,0.115294915,0.212275801,0.230546233,0.066657248,0.165942284,0.194315718,0.126227673,0.062218043,0.254668265,0.253738091,0.071691316,0.285563782,0.334295943,0.317099302,0.309280245,0.208518352,0.348644535,0.068792047,0.182483119,0.272356649,0.153931337,0.158043416,0.083427469,0.101846708,0.390886127,0.084770622,0.116608313,0.223524536,0.140277061,0.233511449,0.114392433,0.297373271,0.289092971,0.124640676,0,0.09224102,0.087561707,0.122870223,0.077386242,0.20994807,0.04408234,0.302031942,0.21461109,0.32293534,0.085078824,0.198429919,0.180325768,0.127093522,0.259280547,0.23670766,0.196739828,0.147980733,0.175310687,0.169733091,0.234975591,0.103114423,0.317920417,0.304323747,0.370020063,0.260398809,0.280926443,0.097955341,0.331327452,0.392743109,0.25284842,0.314885211,0.357574514,0.361574014,0.094568008,0.126852101,0.111515436,0.195337812,0.332830332,0.087233893,0.085884898,0.190011174,0.390101995,0.120786414,0.089110704
LTEE.5..6,0.124124548,0.425247197,0.134846315,0.231078245,0.050789623,0.132671048,0.15310973,0.04731115,0.191789991,0.225262213,0.09457808,0.052693181,0.284335299,0.300441707,0.05452967,0.33859974,0.386432939,0.360022014,0.360517408,0.241438638,0.400524633,0.112177321,0.220112343,0.204438401,0.193999638,0.181176791,0.020656822,0.018956245,0.333836121,0.024172633,0.079724198,0.250968694,0.064480192,0.268344776,0.080249343,0.323234552,0.315441882,0.147222626,0.09224102,0,0.031559704,0.089755302,0.066565817,0.242849946,0.086367921,0.314239746,0.214031655,0.349430085,0.049950662,0.22173374,0.179347798,0.142995904,0.269772482,0.239113353,0.206983722,0.167811059,0.183862582,0.164409359,0.257545334,0.094144893,0.32248983,0.305586104,0.394316808,0.261044198,0.281222158,0.080878858,0.335900519,0.409930925,0.252450793,0.321306989,0.368975485,0.380857907,0.110579755,0.145782119,0.059396775,0.198996759,0.340478329,0.053111854,0.098120235,0.188610166,0.415521778,0.13442397,0.100578059
LTEE.6..6,0.132131939,0.430852173,0.147149205,0.237283392,0.070472625,0.143482424,0.155433575,0.055631979,0.206590214,0.237061219,0.096700168,0.061319494,0.293442627,0.302088375,0.073428652,0.342101082,0.388054077,0.362179932,0.363455911,0.252843904,0.403574046,0.121122818,0.223633301,0.201586853,0.194422318,0.17481617,0.041011231,0.045403535,0.32790317,0.040195215,0.096277779,0.245319306,0.066626515,0.260875483,0.088199061,0.329751309,0.324150847,0.146434514,0.087561707,0.031559704,0,0.06075554,0.051023239,0.242082004,0.093417518,0.31735546,0.219608638,0.339742274,0.062362256,0.213246289,0.182530747,0.138988582,0.267783846,0.233375226,0.191949322,0.173508266,0.1824053,0.173571698,0.255391356,0.111528008,0.31748301,0.315511301,0.393963579,0.2710073,0.287371164,0.098693882,0.33246068,0.397189525,0.243844945,0.327035086,0.356872822,0.37661581,0.109648004,0.149564674,0.065127731,0.198725452,0.331884088,0.049277836,0.111055789,0.197719991,0.417682558,0.146218255,0.113556192
LTEE.7..6,0.162102264,0.441802103,0.200258909,0.251259442,0.119670499,0.192924344,0.177633019,0.0941276,0.248235442,0.278486991,0.12994223,0.098553597,0.32721918,0.335987598,0.118233588,0.37430144,0.408159613,0.388706564,0.388022365,0.290637943,0.424793147,0.160413691,0.260825281,0.225916835,0.228411225,0.205591506,0.093937856,0.098620012,0.347939569,0.091271738,0.144778029,0.267743835,0.102854344,0.279397117,0.130455259,0.353018735,0.359607781,0.180837075,0.122870223,0.089755302,0.06075554,0,0.077205991,0.272619183,0.134186643,0.351065424,0.258532898,0.367767373,0.109724653,0.235429706,0.221111932,0.175806936,0.30616158,0.269824747,0.226907327,0.212870978,0.21505602,0.216438471,0.286593052,0.15701219,0.345795325,0.353331054,0.413198542,0.310373574,0.327308934,0.145044821,0.36440602,0.423527341,0.264606222,0.355668729,0.378717581,0.4072855,0.10207098,0.188999739,0.06593968,0.191895854,0.307210876,0.082159149,0.15411152,0.242539043,0.453428341,0.18769921,0.157482609
LTEE.8..6,0.171782898,0.435965292,0.183796809,0.248861856,0.093333961,0.1822142,0.193468181,0.058473053,0.209624647,0.236564967,0.084775109,0.062676809,0.295190323,0.296822982,0.07801314,0.333909855,0.377960482,0.357038793,0.352277017,0.251540365,0.394400306,0.114700167,0.221939558,0.224301093,0.190852362,0.186006992,0.065236045,0.072365175,0.341832386,0.062319484,0.106089594,0.253171655,0.099895668,0.26575152,0.08111508,0.32966392,0.325974783,0.142872885,0.077386242,0.066565817,0.051023239,0.077205991,0,0.23757243,0.093082318,0.316796888,0.225797591,0.335801169,0.074454212,0.20960038,0.193328873,0.137461333,0.26856009,0.241518248,0.20164172,0.171490661,0.184975009,0.184231712,0.253086956,0.122126468,0.320273508,0.314777963,0.384842861,0.271673243,0.290684573,0.10965492,0.340049512,0.400282742,0.254120784,0.32753228,0.365994074,0.373274972,0.118668653,0.151170198,0.093301468,0.207097585,0.342139851,0.059097121,0.114118758,0.205186896,0.412771165,0.146912601,0.117433601
LTEE.13..6,0.215463317,0.555018896,0.226837408,0.351026829,0.204085863,0.22556832,0.329551725,0.226573384,0.136590141,0.203775348,0.277825064,0.225744746,0.232319595,0.287431615,0.2053871,0.316842038,0.341822774,0.318055068,0.322716181,0.215681137,0.359701687,0.185236105,0.261393335,0.286258291,0.232548715,0.218631709,0.254434579,0.231760195,0.419875156,0.250699853,0.237285539,0.224085376,0.220170084,0.180758063,0.237890528,0.288311485,0.322984352,0.231813934,0.20994807,0.242849946,0.242082004,0.272619183,0.23757243,0,0.178884409,0.349887154,0.227934315,0.372656658,0.212973158,0.262273875,0.172531158,0.206879092,0.309278619,0.243664989,0.24878185,0.226339052,0.228644349,0.187133482,0.301954943,0.196806155,0.326686996,0.32421453,0.406997534,0.283604398,0.25413493,0.192919719,0.31965097,0.412942694,0.232847007,0.289668133,0.365341335,0.408086966,0.246010134,0.221481062,0.289150214,0.238440999,0.368853699,0.273706733,0.209304663,0.24396726,0.455171479,0.214317241,0.210136089
LTEE.16..6,0.201132286,0.484539487,0.213255858,0.304058328,0.107916443,0.21089206,0.228958165,0.059839122,0.130725697,0.159880764,0.131324209,0.058264705,0.219786384,0.223712193,0.058248353,0.261450255,0.307857849,0.281680575,0.281294266,0.17419938,0.322259841,0.043366228,0.150010626,0.266244943,0.122983205,0.134052603,0.087300068,0.09296312,0.381029506,0.086676491,0.106170355,0.190612132,0.138842653,0.200741017,0.104987653,0.262774857,0.254698937,0.113060053,0.04408234,0.086367921,0.093417518,0.134186643,0.093082318,0.178884409,0,0.283349955,0.19621339,0.311840065,0.073824383,0.1915678,0.167665741,0.110851752,0.239931261,0.219624834,0.180164216,0.140290293,0.157092204,0.154038925,0.228126067,0.082542484,0.300729053,0.284420349,0.360360747,0.241068803,0.261379808,0.086265458,0.316791745,0.378744513,0.236912567,0.298490158,0.343386855,0.347087476,0.106177024,0.120673836,0.126974666,0.185415473,0.322716942,0.114419424,0.07758593,0.173817832,0.382734662,0.10970474,0.080950116
LTEE17.7,0.416901687,0.693339941,0.432376266,0.51632845,0.334917348,0.428167641,0.441598734,0.300972429,0.323019889,0.276966948,0.359326789,0.302430672,0.296576294,0.304727074,0.293996573,0.311322659,0.322665585,0.277328161,0.323077178,0.268002128,0.317041788,0.27988641,0.296579653,0.465654188,0.267956254,0.306402085,0.316716592,0.318613278,0.564600921,0.318144342,0.288585148,0.326064624,0.352306888,0.327535187,0.309108719,0.373420285,0.373652328,0.298666707,0.302031942,0.314239746,0.31735546,0.351065424,0.316796888,0.349887154,0.283349955,0,0.143636275,0.083251244,0.269712562,0.131120458,0.239088732,0.188942689,0.057590384,0.130771178,0.138423689,0.169804435,0.155529251,0.201084802,0.08375926,0.235002855,0.063298031,0.051579783,0.091685865,0.082090155,0.124132491,0.259030434,0.187983934,0.136994927,0.182408766,0.142231298,0.083726455,0.083361564,0.295949094,0.199025486,0.350822898,0.192918077,0.159137904,0.340580338,0.239732106,0.150369949,0.131837791,0.201856601,0.239485939
LTEE.5..7,0.281909979,0.560921676,0.296535389,0.382817464,0.204197785,0.292415916,0.307581053,0.212044484,0.198193121,0.188787445,0.266478132,0.215081796,0.214263965,0.259238109,0.198967194,0.304028457,0.335778395,0.309963083,0.314554584,0.201044845,0.351776161,0.194556677,0.254377207,0.337296238,0.21925001,0.213947633,0.225126704,0.206052792,0.467978317,0.226099727,0.19364825,0.244156521,0.223748504,0.221001748,0.218265905,0.303394219,0.315472716,0.223480236,0.21461109,0.214031655,0.219608638,0.258532898,0.225797591,0.227934315,0.19621339,0.143636275,0,0.178116315,0.171875165,0.054048166,0.102963044,0.096453303,0.098545133,0.037279301,0.060150289,0.079388809,0.069529504,0.066597583,0.089015186,0.13363561,0.134269126,0.119766094,0.223164962,0.071839005,0.079265593,0.142929429,0.184354049,0.238537813,0.067129768,0.11841893,0.201304734,0.210682395,0.205688685,0.107098973,0.260823603,0.080922227,0.173942418,0.247953868,0.149575355,0.095397874,0.253467696,0.110686275,0.148773175
LTEE.6..7,0.439866274,0.714387601,0.460758678,0.537574596,0.371581989,0.456436366,0.464075889,0.326545928,0.355635165,0.308829335,0.383774891,0.3252871,0.316976029,0.325176774,0.328757862,0.293000138,0.306914319,0.294473241,0.322385179,0.296474957,0.310634998,0.306400326,0.311811638,0.492901575,0.295975177,0.331342397,0.342127853,0.355109178,0.58602434,0.339838274,0.324039567,0.336405902,0.379496246,0.348592353,0.341312823,0.360892554,0.368811244,0.318266583,0.32293534,0.349430085,0.339742274,0.367767373,0.335801169,0.372656658,0.311840065,0.083251244,0.178116315,0,0.30397704,0.149978683,0.2737977,0.21292041,0.088606304,0.152524135,0.15899402,0.195811063,0.187623971,0.234440916,0.10962623,0.272263113,0.078994285,0.121901017,0.068944315,0.120386806,0.157473985,0.296946201,0.246591277,0.165639708,0.201223361,0.112938715,0.088576434,0.072482013,0.315836366,0.2202685,0.369908796,0.218203497,0.171927396,0.36319625,0.265212886,0.180033943,0.178433454,0.227023621,0.264392633
LTEE.8..7,0.162607453,0.455516884,0.17338276,0.265066577,0.075543349,0.17146859,0.188095556,0.050266123,0.17493702,0.200764186,0.111507646,0.052874249,0.257104001,0.26855653,0.045342303,0.308811851,0.354695858,0.326905288,0.329862402,0.21511454,0.369922698,0.092369152,0.206002264,0.22761212,0.176801997,0.169714805,0.058564076,0.057807378,0.347075338,0.060195924,0.079114148,0.238859644,0.104021597,0.235032437,0.079574825,0.31180131,0.302186899,0.135099237,0.085078824,0.049950662,0.062362256,0.109724653,0.074454212,0.212973158,0.073824383,0.269712562,0.171875165,0.30397704,0,0.178425826,0.139755973,0.097758184,0.224329286,0.197291529,0.163676238,0.122986411,0.141317158,0.125466156,0.215788334,0.057418355,0.280692844,0.264153918,0.351602694,0.219684661,0.239197063,0.041514201,0.294944178,0.366287597,0.210629785,0.281078334,0.32891086,0.33599713,0.089699785,0.10607846,0.100009122,0.159602573,0.303047663,0.087437489,0.068613342,0.151231316,0.373358772,0.094516898,0.07267214
LTEE.9..7,0.322003802,0.596590112,0.337731945,0.418613444,0.247221767,0.333564418,0.345457324,0.198149593,0.234812024,0.21190069,0.256269078,0.195574059,0.249242315,0.247992062,0.209521417,0.285872171,0.319378411,0.299725638,0.296364236,0.216272994,0.333684622,0.18780114,0.247618477,0.369049017,0.210847779,0.236776656,0.21664925,0.22852801,0.47335102,0.213156175,0.204403457,0.276453627,0.253541541,0.245949502,0.220511879,0.330196182,0.332058535,0.206593532,0.198429919,0.22173374,0.213246289,0.235429706,0.20960038,0.262273875,0.1915678,0.131120458,0.054048166,0.149978683,0.178425826,0,0.145410341,0.086951261,0.086280788,0.064214894,0.041451032,0.070011375,0.056555556,0.104329864,0.062771558,0.145534421,0.140354086,0.132733414,0.199244761,0.091951109,0.113841233,0.170263147,0.214304134,0.221018723,0.096027639,0.14530396,0.184644233,0.190088676,0.178473332,0.087988806,0.233366246,0.081987685,0.152030863,0.223513702,0.139064366,0.099022508,0.235425549,0.100236746,0.138103288
LTEE.13..7,0.197204137,0.508152324,0.210347196,0.303605587,0.1439658,0.206721639,0.27001578,0.182691749,0.134629791,0.216519268,0.235266593,0.185655026,0.252356756,0.300815849,0.167795949,0.346590122,0.380395238,0.354105743,0.359248783,0.239149466,0.396724168,0.165901296,0.247083769,0.278595326,0.215117943,0.204459102,0.195232354,0.17578268,0.439093277,0.196037192,0.176007283,0.22765701,0.185434761,0.236701119,0.188758384,0.319191262,0.322953048,0.212618461,0.180325768,0.179347798,0.182530747,0.221111932,0.193328873,0.172531158,0.167665741,0.239088732,0.102963044,0.2737977,0.139755973,0.145410341,0,0.078629159,0.194379402,0.129552313,0.130962593,0.101285721,0.116168909,0.07323228,0.181770304,0.101138154,0.229481471,0.214938786,0.319469571,0.167153761,0.136455597,0.111026411,0.212995996,0.331211604,0.123043486,0.197017542,0.292285033,0.30529767,0.17158441,0.141076248,0.224957463,0.113595633,0.266429011,0.210389984,0.119106168,0.147318294,0.34402887,0.127684069,0.124146612
LTEE.16..7,0.246289124,0.526335007,0.258292627,0.346785927,0.166826201,0.256915568,0.271489792,0.128805949,0.173490171,0.193013569,0.184676288,0.130036521,0.249161886,0.247986392,0.129617529,0.290841632,0.325289746,0.300280553,0.302106008,0.20624759,0.340405072,0.110465955,0.195792158,0.300637886,0.160365255,0.189148027,0.141408649,0.149125636,0.411316661,0.138749276,0.139757242,0.228370868,0.181625747,0.233115315,0.142558002,0.298614887,0.293380892,0.158168577,0.127093522,0.142995904,0.138988582,0.175806936,0.137461333,0.206879092,0.110851752,0.188942689,0.096453303,0.21292041,0.097758184,0.086951261,0.078629159,0,0.140335802,0.117900593,0.07664277,0.044741139,0.059318352,0.069330896,0.128322082,0.065173912,0.199640169,0.187978374,0.265952151,0.14380421,0.16393522,0.090064159,0.222499178,0.281747978,0.133686161,0.204882447,0.248431805,0.24824408,0.120550499,0.073447818,0.174503203,0.084010926,0.224937108,0.161677516,0.063915614,0.099386378,0.291504926,0.062572597,0.063649801
LTEE17.8,0.372106254,0.649730867,0.385914215,0.472798116,0.292509971,0.382489453,0.39743084,0.25703151,0.280969098,0.239878645,0.314475016,0.259262681,0.270274949,0.272910143,0.254555209,0.296067137,0.307752908,0.276450168,0.305914439,0.241752785,0.318989637,0.238102107,0.278169929,0.425068486,0.24355679,0.270823866,0.272372222,0.275821756,0.528140563,0.271524563,0.248334702,0.308039999,0.308920832,0.289796439,0.267094057,0.360588563,0.359625857,0.26208186,0.259280547,0.269772482,0.267783846,0.30616158,0.26856009,0.309278619,0.239931261,0.057590384,0.098545133,0.088606304,0.224329286,0.086280788,0.194379402,0.140335802,0,0.082715763,0.086850142,0.12303065,0.109034548,0.15305868,0.039019829,0.191467086,0.069513538,0.056733993,0.135455914,0.05992111,0.080623562,0.21613319,0.180107474,0.151768776,0.141495015,0.149627801,0.11697723,0.122986291,0.250970058,0.15031966,0.306190049,0.147459191,0.123019339,0.295201605,0.19454286,0.101780401,0.168032169,0.155685282,0.193709942
LTEE.5..8,0.297912739,0.576483494,0.315509533,0.399285053,0.230778164,0.310912766,0.325156672,0.235766569,0.220973826,0.198349928,0.290083848,0.238781842,0.214660868,0.269792701,0.223002912,0.304150753,0.337162425,0.308479547,0.315108972,0.209411841,0.351905316,0.217265391,0.266783911,0.352021799,0.230896801,0.213758049,0.251223449,0.23187858,0.479908758,0.249589102,0.218832448,0.240027932,0.236067866,0.218342395,0.244048346,0.30947104,0.326564899,0.241562118,0.23670766,0.239113353,0.233375226,0.269824747,0.241518248,0.243664989,0.219624834,0.130771178,0.037279301,0.152524135,0.197291529,0.064214894,0.129552313,0.117900593,0.082715763,0,0.057143157,0.103774792,0.091419873,0.090077758,0.07441729,0.159407893,0.111359528,0.107295291,0.208579937,0.060969171,0.067695667,0.169376575,0.184377471,0.209075694,0.066583278,0.103812313,0.17207909,0.191440306,0.223960618,0.129631462,0.279287285,0.097754684,0.147009962,0.271203903,0.174000158,0.102528234,0.241704891,0.135325793,0.173055346
LTEE.6..8,0.301427966,0.580487616,0.318389442,0.401663627,0.232441827,0.313668803,0.325346113,0.194178496,0.22408324,0.209915622,0.249517068,0.196146074,0.242426211,0.247007744,0.195893258,0.28943694,0.322726644,0.294746234,0.299453179,0.214957756,0.336915552,0.179669139,0.249615865,0.351750765,0.213035724,0.227990423,0.211076264,0.215255864,0.459477707,0.209228245,0.193857747,0.266768497,0.234062096,0.229578036,0.207416021,0.330446869,0.33062244,0.213724412,0.196739828,0.206983722,0.191949322,0.226907327,0.20164172,0.24878185,0.180164216,0.138423689,0.060150289,0.15899402,0.163676238,0.041451032,0.130962593,0.07664277,0.086850142,0.057143157,0,0.066631899,0.059424312,0.087898889,0.07347798,0.130371466,0.139866815,0.137670234,0.214509256,0.095512839,0.114854184,0.155327414,0.186818096,0.220926794,0.076766638,0.154519241,0.184158063,0.198908871,0.180810897,0.084711009,0.236318728,0.078681415,0.160700387,0.227019489,0.132920885,0.074544539,0.24531986,0.094041875,0.13200437
LTEE.8..8,0.276823009,0.556868172,0.287810043,0.378019244,0.189426274,0.285498237,0.302514701,0.148139418,0.188219445,0.190697029,0.20898122,0.146497457,0.246431291,0.242641104,0.15113056,0.277064694,0.313990216,0.300895929,0.295428859,0.202769568,0.327342815,0.131378666,0.208929083,0.337040239,0.17510373,0.209843224,0.155793318,0.177053431,0.446784416,0.158598326,0.14908928,0.249362642,0.217637386,0.251033169,0.167575296,0.303762457,0.29710692,0.173058007,0.147980733,0.167811059,0.173508266,0.212870978,0.171490661,0.226339052,0.140290293,0.169804435,0.079388809,0.195811063,0.122986411,0.070011375,0.101285721,0.044741139,0.12303065,0.103774792,0.066631899,0,0.048329331,0.074080021,0.099282619,0.089079093,0.186985541,0.166192106,0.235222535,0.122515629,0.145996273,0.112518409,0.229329684,0.266917589,0.123855494,0.186088472,0.233150214,0.23211886,0.142139872,0.069742018,0.194345013,0.080535369,0.209655987,0.180291754,0.076200262,0.107506153,0.256585681,0.056002729,0.07510548
LTEE.9..8,0.292102154,0.570078622,0.304167903,0.391903364,0.21102164,0.302670148,0.316209576,0.171457939,0.2015421,0.196947412,0.22986286,0.172599088,0.25237795,0.254007126,0.174090244,0.297153829,0.330547291,0.303119344,0.306400199,0.209917732,0.344795873,0.158175174,0.224305497,0.337679178,0.190734559,0.215667915,0.186789395,0.190266917,0.443386992,0.184468572,0.170258172,0.258861617,0.219791624,0.241543895,0.186618063,0.306940367,0.311787087,0.19068652,0.175310687,0.183862582,0.1824053,0.21505602,0.184975009,0.228644349,0.157092204,0.155529251,0.069529504,0.187623971,0.141317158,0.056555556,0.116168909,0.059318352,0.109034548,0.091419873,0.059424312,0.048329331,0,0.068969196,0.095687307,0.108542329,0.170940691,0.156559247,0.229809513,0.115091136,0.136191662,0.132873247,0.228646963,0.252196473,0.117142174,0.173235137,0.217138784,0.222955541,0.163489812,0.078985056,0.218120667,0.076122523,0.19160574,0.204227654,0.11012458,0.105214371,0.267336695,0.072065244,0.108893289
LTEE.13..8,0.230578804,0.512343047,0.242472797,0.332026349,0.148910019,0.240318973,0.267842956,0.163473738,0.153461938,0.185748578,0.221686205,0.166646403,0.225930599,0.273425607,0.154763711,0.316215281,0.352005174,0.323361645,0.329072024,0.208456939,0.366402186,0.154440345,0.244252133,0.29305657,0.211604016,0.206543914,0.180008375,0.161296438,0.436037376,0.182155763,0.171248524,0.226612956,0.17405027,0.205297764,0.17708082,0.296564839,0.308853454,0.213630869,0.169733091,0.164409359,0.173571698,0.216438471,0.184231712,0.187133482,0.154038925,0.201084802,0.066597583,0.234440916,0.125466156,0.104329864,0.07323228,0.069330896,0.15305868,0.090077758,0.087898889,0.074080021,0.068969196,0,0.138912439,0.088545925,0.194687332,0.176746262,0.282459697,0.128176952,0.124708468,0.09718296,0.183142235,0.293450678,0.095774907,0.166456315,0.253982871,0.267635135,0.156983115,0.073714141,0.212390104,0.071586705,0.225163285,0.199379158,0.102545626,0.081062052,0.30529678,0.064357559,0.101198772
LTEE.16..8,0.360955107,0.638085838,0.376557651,0.461000039,0.281823122,0.371969724,0.384215621,0.234587866,0.266758867,0.232701833,0.294323661,0.233003514,0.261472687,0.258015321,0.242188506,0.276039921,0.30396143,0.288616602,0.287692163,0.233964385,0.316868221,0.220219344,0.266324163,0.413104613,0.232001344,0.264245091,0.24939161,0.265824946,0.517187898,0.251169641,0.237196255,0.302282949,0.296713332,0.280637541,0.255487863,0.354111624,0.352160478,0.241244102,0.234975591,0.257545334,0.255391356,0.286593052,0.253086956,0.301954943,0.228126067,0.08375926,0.089015186,0.10962623,0.215788334,0.062771558,0.181770304,0.128322082,0.039019829,0.07441729,0.07347798,0.099282619,0.095687307,0.138912439,0,0.18127425,0.100652211,0.084103275,0.149395509,0.057802808,0.080640511,0.204915747,0.20214427,0.18136371,0.133330292,0.148882541,0.143480925,0.14741148,0.224165068,0.125839282,0.278110296,0.133914098,0.127277458,0.266362529,0.172088807,0.092190395,0.181554191,0.134128699,0.17107473
LTEE2.17.9,0.203039713,0.487487873,0.214695565,0.305795332,0.11382553,0.213061628,0.230281703,0.097169404,0.165681265,0.192748131,0.156688261,0.099905977,0.247604299,0.262423672,0.081014442,0.304222733,0.339157618,0.313731786,0.318155356,0.205537879,0.355158466,0.101305143,0.202404915,0.267777494,0.173110838,0.183531456,0.101577009,0.097416554,0.387291504,0.105737054,0.118482833,0.230761634,0.145526104,0.226480192,0.124004757,0.30421773,0.292774444,0.168324222,0.103114423,0.094144893,0.111528008,0.15701219,0.122126468,0.196806155,0.082542484,0.235002855,0.13363561,0.272263113,0.057418355,0.145534421,0.101138154,0.065173912,0.191467086,0.159407893,0.130371466,0.089079093,0.108542329,0.088545925,0.18127425,0,0.238565552,0.220432167,0.31270094,0.176533176,0.197278887,0.038482012,0.254448184,0.331573668,0.17098789,0.241370218,0.294637469,0.302295443,0.092391603,0.071077902,0.148454408,0.122690599,0.265963304,0.134499846,0.032277506,0.111137369,0.337745454,0.05570286,0.036699581
LTEE5.9,0.400097727,0.667573634,0.41951821,0.490810001,0.332817565,0.415296145,0.416478761,0.317636845,0.317428832,0.270491734,0.363279141,0.32012259,0.282576203,0.316108748,0.30445282,0.317253671,0.319769081,0.295052336,0.331476931,0.266413303,0.336593845,0.298884844,0.313839194,0.434642486,0.281520184,0.291352189,0.332298844,0.31464618,0.542034112,0.329413136,0.298082475,0.296350466,0.33187279,0.302995989,0.315263871,0.354040184,0.357260874,0.304982476,0.317920417,0.32248983,0.31748301,0.345795325,0.320273508,0.326686996,0.300729053,0.063298031,0.134269126,0.078994285,0.280692844,0.140354086,0.229481471,0.199640169,0.069513538,0.111359528,0.139866815,0.186985541,0.170940691,0.194687332,0.100652211,0.238565552,0,0.080191587,0.116024329,0.075961092,0.104704153,0.254163582,0.193233426,0.142719908,0.145013296,0.113315278,0.08843148,0.109797649,0.308022902,0.21306536,0.362457527,0.177164356,0.148313786,0.35241946,0.256912875,0.145209048,0.172675702,0.218587481,0.256573812
LTEE6.9,0.394744837,0.669455228,0.408142641,0.492663116,0.312531518,0.405438912,0.418635629,0.29903385,0.293963385,0.248252236,0.356018683,0.302100924,0.273736113,0.302617028,0.284234451,0.324756221,0.333111056,0.290133797,0.333005081,0.250642456,0.328772716,0.276116436,0.311691812,0.446296779,0.280879922,0.288151604,0.313660298,0.294645699,0.552209558,0.316385845,0.279568919,0.322812675,0.332019795,0.307837652,0.305839162,0.372116829,0.371775666,0.299346102,0.304323747,0.305586104,0.315511301,0.353331054,0.314777963,0.32421453,0.284420349,0.051579783,0.119766094,0.121901017,0.264153918,0.132733414,0.214938786,0.187978374,0.056733993,0.107295291,0.137670234,0.166192106,0.156559247,0.176746262,0.084103275,0.220432167,0.080191587,0,0.125473083,0.07133041,0.098161338,0.231362372,0.156466086,0.15775353,0.158448102,0.15640653,0.114583043,0.1164231,0.296413779,0.198059022,0.353163051,0.172809406,0.150175186,0.339376285,0.237268329,0.132749205,0.159613757,0.198861189,0.237083795
LTEE8.9,0.491217047,0.761712917,0.512105933,0.58500674,0.415462297,0.507844291,0.509251647,0.371133513,0.394780568,0.346130972,0.425025094,0.370030494,0.343812061,0.359193958,0.372894664,0.309923236,0.320078679,0.312103165,0.345193213,0.330586543,0.311396434,0.349145049,0.355495659,0.53101417,0.338735103,0.379607561,0.380961155,0.397943999,0.621755533,0.380876953,0.367087778,0.387411471,0.424236808,0.385849821,0.382235049,0.387138535,0.392579656,0.361902488,0.370020063,0.394316808,0.393963579,0.413198542,0.384842861,0.406997534,0.360360747,0.091685865,0.223164962,0.068944315,0.351602694,0.199244761,0.319469571,0.265952151,0.135455914,0.208579937,0.214509256,0.235222535,0.229809513,0.282459697,0.149395509,0.31270094,0.116024329,0.125473083,0,0.159167435,0.194030143,0.337980929,0.264447293,0.194657122,0.24670525,0.149665229,0.111460073,0.084450389,0.363566482,0.265724516,0.4140291,0.267145262,0.226397502,0.402421345,0.30621969,0.231116967,0.177692231,0.270206655,0.30469094
LTEE9.9,0.346687808,0.623415797,0.358951008,0.446287398,0.263167622,0.357204117,0.370395136,0.25562327,0.251099045,0.209205159,0.312511183,0.258387982,0.236464016,0.268156028,0.240933958,0.286274367,0.318429739,0.293047105,0.297925008,0.216339509,0.334291388,0.234624602,0.265699102,0.398794172,0.233319034,0.243168518,0.268576158,0.250805984,0.514268187,0.271224105,0.23660093,0.272363275,0.284507576,0.266539567,0.262994117,0.324200536,0.328305942,0.262000275,0.260398809,0.261044198,0.2710073,0.310373574,0.271673243,0.283604398,0.241068803,0.082090155,0.071839005,0.120386806,0.219684661,0.091951109,0.167153761,0.14380421,0.05992111,0.060969171,0.095512839,0.122515629,0.115091136,0.128176952,0.057802808,0.176533176,0.075961092,0.07133041,0.159167435,0,0.051041942,0.185350989,0.199487188,0.179830721,0.114663275,0.104814838,0.144318746,0.152117055,0.2532194,0.154608856,0.309360306,0.130345359,0.148449956,0.294521253,0.192984871,0.097049941,0.19223501,0.154689772,0.192870987
LTEE13.9,0.315377559,0.607891379,0.328147686,0.413987423,0.242805359,0.325840599,0.374476308,0.277681667,0.222779088,0.234629359,0.33221252,0.280984256,0.243920924,0.293085729,0.263641268,0.318485385,0.348846306,0.324130553,0.330127577,0.245013891,0.366817018,0.258106292,0.298219629,0.374303308,0.264497605,0.259692568,0.2912854,0.271590036,0.527414621,0.290852585,0.257163241,0.27662523,0.28256752,0.256673059,0.280962415,0.346352708,0.35426922,0.283805292,0.280926443,0.281222158,0.287371164,0.327308934,0.290684573,0.25413493,0.261379808,0.124132491,0.079265593,0.157473985,0.239197063,0.113841233,0.136455597,0.16393522,0.080623562,0.067695667,0.114854184,0.145996273,0.136191662,0.124708468,0.080640511,0.197278887,0.104704153,0.098161338,0.194030143,0.051041942,0,0.207849618,0.175802967,0.214906366,0.099913865,0.113585362,0.17843791,0.18799218,0.27502082,0.174186594,0.330017404,0.148355,0.167081461,0.315770078,0.215921692,0.113745431,0.230147815,0.177738597,0.215724414
LTEE16.9,0.176257671,0.464962818,0.187670659,0.279082501,0.087361652,0.186034131,0.20328,0.082736285,0.159948343,0.187516337,0.144490644,0.08596652,0.242703323,0.272679905,0.065921174,0.31293452,0.348650246,0.323938864,0.327542862,0.205655137,0.364726011,0.097835618,0.21292212,0.241220235,0.183876722,0.158020582,0.088641661,0.072976913,0.367700292,0.094110285,0.102966559,0.226948564,0.118826158,0.223405017,0.109493707,0.300213741,0.294346791,0.153719177,0.097955341,0.080878858,0.098693882,0.145044821,0.10965492,0.192919719,0.086265458,0.259030434,0.142929429,0.296946201,0.041514201,0.170263147,0.111026411,0.090064159,0.21613319,0.169376575,0.155327414,0.112518409,0.132873247,0.09718296,0.204915747,0.038482012,0.254163582,0.231362372,0.337980929,0.185350989,0.207849618,0,0.266166943,0.355203036,0.181268346,0.251582646,0.319465914,0.327335148,0.08753804,0.098901686,0.136000629,0.136418166,0.290372761,0.121594308,0.063171997,0.132792529,0.36219868,0.08327332,0.068053621
LTEE2.17.11,0.368632937,0.643919264,0.381293235,0.458743613,0.301285528,0.37711398,0.410696045,0.329949681,0.298455403,0.328056228,0.377046661,0.332606202,0.331806093,0.373341765,0.317834096,0.41014487,0.421094322,0.378117977,0.424744017,0.34176119,0.420435691,0.315751325,0.398419584,0.414557753,0.36077122,0.342206725,0.345424753,0.327860843,0.567923368,0.344358085,0.327736276,0.352814595,0.317814658,0.305961823,0.331847863,0.435814659,0.450094132,0.357312249,0.331327452,0.335900519,0.33246068,0.36440602,0.340049512,0.31965097,0.316791745,0.187983934,0.184354049,0.246591277,0.294944178,0.214304134,0.212995996,0.222499178,0.180107474,0.184377471,0.186818096,0.229329684,0.228646963,0.183142235,0.20214427,0.254448184,0.193233426,0.156466086,0.264447293,0.199487188,0.175802967,0.266166943,0,0.267547287,0.161615902,0.246666251,0.225595475,0.191130546,0.320707258,0.225329399,0.375333363,0.212218283,0.249937097,0.3635415,0.269018607,0.157086365,0.178362425,0.230481104,0.268307884
LTEE5.11,0.492474428,0.733936375,0.512358246,0.562951316,0.426898223,0.507895183,0.509223308,0.392015961,0.411438425,0.361857052,0.431483129,0.394120815,0.376939019,0.389770342,0.388260854,0.392162454,0.396476972,0.357471952,0.401938996,0.355145292,0.398889654,0.373917275,0.397147815,0.476167127,0.364823872,0.387322462,0.410733609,0.413930365,0.566191552,0.408744172,0.38443678,0.389035676,0.423751978,0.382679296,0.393781527,0.43778645,0.465063961,0.374782197,0.392743109,0.409930925,0.397189525,0.423527341,0.400282742,0.412942694,0.378744513,0.136994927,0.238537813,0.165639708,0.366287597,0.221018723,0.331211604,0.281747978,0.151768776,0.209075694,0.220926794,0.266917589,0.252196473,0.293450678,0.18136371,0.331573668,0.142719908,0.15775353,0.194657122,0.179830721,0.214906366,0.355203036,0.267547287,0,0.239812892,0.210489756,0.122902279,0.179812481,0.381781731,0.289379759,0.435302378,0.270529282,0.221855619,0.427812764,0.334317529,0.236899916,0.242261647,0.295903587,0.333409
LTEE8.11,0.280674996,0.543628971,0.304197165,0.365162071,0.225442525,0.296678819,0.312108066,0.250215136,0.214743638,0.22490454,0.290780622,0.253825211,0.231702669,0.28862737,0.236486714,0.32902849,0.354795469,0.332945083,0.338740279,0.238515498,0.376131223,0.231831416,0.300656734,0.320265918,0.263371421,0.24058203,0.264524407,0.244752887,0.460676405,0.262491108,0.236332817,0.23951561,0.223188691,0.200144162,0.246120396,0.329146561,0.34852205,0.257270964,0.25284842,0.252450793,0.243844945,0.264606222,0.254120784,0.232847007,0.236912567,0.182408766,0.067129768,0.201223361,0.210629785,0.096027639,0.123043486,0.133686161,0.141495015,0.066583278,0.076766638,0.123855494,0.117142174,0.095774907,0.133330292,0.17098789,0.145013296,0.158448102,0.24670525,0.114663275,0.099913865,0.181268346,0.161615902,0.239812892,0,0.119926046,0.202704117,0.230976837,0.232778981,0.143243314,0.288072849,0.102322036,0.185518777,0.278535146,0.187252991,0.11679934,0.290831145,0.14861811,0.186848765
LTEE9.11,0.367641417,0.634058563,0.387638465,0.457157474,0.295079593,0.38341242,0.399926425,0.311470101,0.274403883,0.254662137,0.361928438,0.313823377,0.24278471,0.315457233,0.298509583,0.30071553,0.326190988,0.315144973,0.326737486,0.25099076,0.346046869,0.291623762,0.299490294,0.415456318,0.281331496,0.288103856,0.33140135,0.314158333,0.541014368,0.331673095,0.294625365,0.258577156,0.312683541,0.26610211,0.312793189,0.305894787,0.336892293,0.298024656,0.314885211,0.321306989,0.327035086,0.355668729,0.32753228,0.289668133,0.298490158,0.142231298,0.11841893,0.112938715,0.281078334,0.14530396,0.197017542,0.204882447,0.149627801,0.103812313,0.154519241,0.186088472,0.173235137,0.166456315,0.148882541,0.241370218,0.113315278,0.15640653,0.149665229,0.104814838,0.113585362,0.251582646,0.246666251,0.210489756,0.119926046,0,0.132204669,0.149681347,0.306307401,0.211653722,0.360614274,0.176418806,0.20962823,0.351496128,0.254553503,0.186108955,0.242313119,0.215752765,0.253921552
LTEE13.11,0.451229095,0.704706819,0.475734812,0.529084476,0.391890305,0.469830047,0.463137086,0.354053824,0.370259647,0.323851372,0.400269176,0.356394081,0.331914559,0.352439751,0.349285158,0.334802277,0.333929484,0.306269744,0.353686514,0.313534435,0.332299626,0.339195684,0.33936931,0.481354478,0.327067644,0.34968038,0.377866763,0.37703072,0.55908832,0.375746519,0.344740501,0.338189871,0.382993561,0.341377814,0.359280567,0.370015213,0.402161475,0.338439565,0.357574514,0.368975485,0.356872822,0.378717581,0.365994074,0.365341335,0.343386855,0.083726455,0.201304734,0.088576434,0.32891086,0.184644233,0.292285033,0.248431805,0.11697723,0.17207909,0.184158063,0.233150214,0.217138784,0.253982871,0.143480925,0.294637469,0.08843148,0.114583043,0.111460073,0.144318746,0.17843791,0.319465914,0.225595475,0.122902279,0.202704117,0.132204669,0,0.102165358,0.344865811,0.255195941,0.397917527,0.229217527,0.172479223,0.392378507,0.302027109,0.197787731,0.178729113,0.262842706,0.300614454
LTEE16.11,0.478334,0.746071882,0.492891671,0.568999274,0.400086846,0.488966334,0.493913243,0.359074022,0.386941918,0.337459928,0.410663926,0.361271664,0.352336513,0.357126221,0.359357336,0.332280913,0.351007153,0.323712031,0.369763411,0.330996695,0.343768971,0.340460217,0.349374468,0.520617167,0.328565462,0.370401962,0.376998274,0.386604085,0.617755376,0.374885026,0.354593872,0.375736897,0.410220106,0.381750265,0.3665345,0.399174306,0.404163642,0.350415726,0.361574014,0.380857907,0.37661581,0.4072855,0.373274972,0.408086966,0.347087476,0.083361564,0.210682395,0.072482013,0.33599713,0.190088676,0.30529767,0.24824408,0.122986291,0.191440306,0.198908871,0.23211886,0.222955541,0.267635135,0.14741148,0.302295443,0.109797649,0.1164231,0.084450389,0.152117055,0.18799218,0.327335148,0.191130546,0.179812481,0.230976837,0.149681347,0.102165358,0,0.3532235,0.256590616,0.407019794,0.250381597,0.214121982,0.397688679,0.300080943,0.207887113,0.128414267,0.262000957,0.299513413
LTEE2.16.12,0.207138569,0.478249519,0.227748198,0.297739084,0.13937296,0.22100229,0.233821711,0.093813877,0.215973046,0.243127014,0.149971868,0.090198614,0.294259641,0.295487522,0.111845635,0.331039482,0.368333801,0.349426986,0.344366406,0.253654517,0.381880451,0.125184814,0.238996753,0.280407193,0.208771307,0.208096042,0.105704126,0.122746588,0.398446297,0.108755482,0.152451949,0.272167586,0.150108332,0.267197564,0.147315845,0.348081827,0.342389499,0.17505789,0.094568008,0.110579755,0.109648004,0.10207098,0.118668653,0.246010134,0.106177024,0.295949094,0.205688685,0.315836366,0.089699785,0.178473332,0.17158441,0.120550499,0.250970058,0.223960618,0.180810897,0.142139872,0.163489812,0.156983115,0.224165068,0.092391603,0.308022902,0.296413779,0.363566482,0.2532194,0.27502082,0.08753804,0.320707258,0.381781731,0.232778981,0.306307401,0.344865811,0.3532235,0,0.115063379,0.059693384,0.136389885,0.257797497,0.10578617,0.074875211,0.17893666,0.387693562,0.110492153,0.076748487
LTEE2.17.12,0.257965521,0.537769711,0.267276877,0.357084174,0.170890916,0.26536773,0.283797179,0.125435922,0.195568175,0.196708741,0.188025754,0.122460862,0.253640045,0.250280261,0.136021259,0.284934396,0.324063624,0.307125593,0.303130457,0.211503855,0.336974268,0.132666318,0.233703713,0.319176822,0.199078632,0.230442228,0.138022799,0.157024248,0.435948095,0.13658621,0.169672788,0.269176293,0.193846047,0.228450882,0.163908931,0.322555459,0.32203767,0.192751903,0.126852101,0.145782119,0.149564674,0.188999739,0.151170198,0.221481062,0.120673836,0.199025486,0.107098973,0.2202685,0.10607846,0.087988806,0.141076248,0.073447818,0.15031966,0.129631462,0.084711009,0.069742018,0.078985056,0.073714141,0.125839282,0.071077902,0.21306536,0.198059022,0.265724516,0.154608856,0.174186594,0.098901686,0.225329399,0.289379759,0.143243314,0.211653722,0.255195941,0.256590616,0.115063379,0,0.165673381,0.094664836,0.227034487,0.153946205,0.055595992,0.076010814,0.285353976,0.026341887,0.052562733
LTEE2.9.12,0.157029406,0.442869554,0.17843932,0.252257163,0.103879528,0.171525186,0.185694212,0.077583869,0.241982385,0.272428456,0.120231414,0.0772786,0.32680429,0.329796214,0.107731354,0.35805034,0.406864792,0.391460196,0.383379847,0.285183558,0.420207863,0.14732412,0.254125049,0.239957869,0.225609175,0.222693465,0.052513078,0.073249179,0.362768891,0.053436172,0.132738143,0.288123273,0.101188158,0.301223711,0.124395742,0.363743121,0.360082592,0.172663373,0.111515436,0.059396775,0.065127731,0.06593968,0.093301468,0.289150214,0.126974666,0.350822898,0.260823603,0.369908796,0.100009122,0.233366246,0.224957463,0.174503203,0.306190049,0.279287285,0.236318728,0.194345013,0.218120667,0.212390104,0.278110296,0.148454408,0.362457527,0.353163051,0.4140291,0.309360306,0.330017404,0.136000629,0.375333363,0.435302378,0.288072849,0.360614274,0.397917527,0.407019794,0.059693384,0.165673381,0,0.19184165,0.311982074,0.05620587,0.126529521,0.234750193,0.437492114,0.165421448,0.127778781
LTEE5.12,0.278564133,0.546018788,0.300089435,0.366870386,0.211980876,0.29348027,0.298493116,0.190226098,0.205857966,0.200940456,0.243706289,0.191490056,0.250056121,0.280057428,0.186277955,0.321469713,0.352194337,0.325143529,0.331683258,0.216341231,0.369442911,0.182511202,0.260579941,0.336341717,0.222980058,0.224867513,0.213946589,0.198039488,0.448354229,0.211320914,0.192222649,0.255963641,0.219516347,0.239995283,0.205179453,0.313957306,0.318490341,0.222411294,0.195337812,0.198996759,0.198725452,0.191895854,0.207097585,0.238440999,0.185415473,0.192918077,0.080922227,0.218203497,0.159602573,0.081987685,0.113595633,0.084010926,0.147459191,0.097754684,0.078681415,0.080535369,0.076122523,0.071586705,0.133914098,0.122690599,0.177164356,0.172809406,0.267145262,0.130345359,0.148355,0.136418166,0.212218283,0.270529282,0.102322036,0.176418806,0.229217527,0.250381597,0.136389885,0.094664836,0.19184165,0,0.162404038,0.213227978,0.134988015,0.102381758,0.296841687,0.095464685,0.133755224
LTEE6.12,0.414550098,0.638567847,0.44785901,0.476736923,0.364689134,0.441394167,0.409238352,0.328140909,0.346214565,0.309518758,0.384857749,0.329268146,0.330107576,0.345347229,0.3246509,0.373922159,0.382022044,0.356760423,0.380558942,0.313460178,0.396002986,0.320015433,0.362882202,0.477618289,0.33003617,0.335111392,0.35452862,0.350813671,0.571046903,0.354214945,0.321288086,0.360985376,0.36436719,0.337088959,0.343241413,0.420149422,0.431241737,0.337595638,0.332830332,0.340478329,0.331884088,0.307210876,0.342139851,0.368853699,0.322716942,0.159137904,0.173942418,0.171927396,0.303047663,0.152030863,0.266429011,0.224937108,0.123019339,0.147009962,0.160700387,0.209655987,0.19160574,0.225163285,0.127277458,0.265963304,0.148313786,0.150175186,0.226397502,0.148449956,0.167081461,0.290372761,0.249937097,0.221855619,0.185518777,0.20962823,0.172479223,0.214121982,0.257797497,0.227034487,0.311982074,0.162404038,0,0.355192841,0.277289278,0.171199921,0.267266162,0.23806058,0.275786172
LTEE8.12,0.16369601,0.428223095,0.172692995,0.235536232,0.091270309,0.17137938,0.188486933,0.064148318,0.226857456,0.258996293,0.080017959,0.064217484,0.317102788,0.317135868,0.092927087,0.347332781,0.396046685,0.383572954,0.371085552,0.273765442,0.41063841,0.132453298,0.240948689,0.232613124,0.213663577,0.21275411,0.04479089,0.065052426,0.342560461,0.046520086,0.118691603,0.280831021,0.099013596,0.296934578,0.090456202,0.355644375,0.348416771,0.161832497,0.087233893,0.053111854,0.049277836,0.082159149,0.059097121,0.273706733,0.114419424,0.340580338,0.247953868,0.36319625,0.087437489,0.223513702,0.210389984,0.161677516,0.295201605,0.271203903,0.227019489,0.180291754,0.204227654,0.199379158,0.266362529,0.134499846,0.35241946,0.339376285,0.402421345,0.294521253,0.315770078,0.121594308,0.3635415,0.427812764,0.278535146,0.351496128,0.392378507,0.397688679,0.10578617,0.153946205,0.05620587,0.213227978,0.355192841,0,0.114767242,0.221464104,0.422955821,0.15225915,0.116014543
LTEE2.17.13,0.213051767,0.495938143,0.222343526,0.314851726,0.120857578,0.220571626,0.240329212,0.086464674,0.177584377,0.20271733,0.147939532,0.083963574,0.259176643,0.256177015,0.091673787,0.29072233,0.329331617,0.313924304,0.309116914,0.216135067,0.342883702,0.097597923,0.199593438,0.280706991,0.170043861,0.201056365,0.083560964,0.105600264,0.403941658,0.087709001,0.131699725,0.243729909,0.152160543,0.239924734,0.130590357,0.315244598,0.305248761,0.163702115,0.085884898,0.098120235,0.111055789,0.15411152,0.114118758,0.209304663,0.07758593,0.239732106,0.149575355,0.265212886,0.068613342,0.139064366,0.119106168,0.063915614,0.19454286,0.174000158,0.132920885,0.076200262,0.11012458,0.102545626,0.172088807,0.032277506,0.256912875,0.237268329,0.30621969,0.192984871,0.215921692,0.063171997,0.269018607,0.334317529,0.187252991,0.254553503,0.302027109,0.300080943,0.074875211,0.055595992,0.126529521,0.134988015,0.277289278,0.114767242,0,0.122186689,0.325895478,0.042914061,0.007755275
LTEE2.5.13,0.28808318,0.566376553,0.296996229,0.385081678,0.204945776,0.295710303,0.312241265,0.183526178,0.215057271,0.21335729,0.241097168,0.186339816,0.24813794,0.259879484,0.175558747,0.294038826,0.329622252,0.299761921,0.306849687,0.223810377,0.344112095,0.179711238,0.272352092,0.34774902,0.237857817,0.246193058,0.202829457,0.190521503,0.463477545,0.201999141,0.197660007,0.283547991,0.224216576,0.233197051,0.197694122,0.34022416,0.340497125,0.238304567,0.190011174,0.188610166,0.197719991,0.242539043,0.205186896,0.24396726,0.173817832,0.150369949,0.095397874,0.180033943,0.151231316,0.099022508,0.147318294,0.099386378,0.101780401,0.102528234,0.074544539,0.107506153,0.105214371,0.081062052,0.092190395,0.111137369,0.145209048,0.132749205,0.231116967,0.097049941,0.113745431,0.132792529,0.157086365,0.236899916,0.11679934,0.186108955,0.197787731,0.207887113,0.17893666,0.076010814,0.234750193,0.102381758,0.171199921,0.221464104,0.122186689,0,0.25130438,0.084041626,0.120944231
LTEE2.6.13,0.521194904,0.791262539,0.532209334,0.61482926,0.435344668,0.528896928,0.540979772,0.388633379,0.422794961,0.37634879,0.449134348,0.387337022,0.398823006,0.393690659,0.391574569,0.393593788,0.406100094,0.38002235,0.418127798,0.374175527,0.39948737,0.37261621,0.392254381,0.57360486,0.366619013,0.414252405,0.403038692,0.423996234,0.672758184,0.403839348,0.388044194,0.431204614,0.457370495,0.435201562,0.40489212,0.477239603,0.47243082,0.39209324,0.390101995,0.415521778,0.417682558,0.453428341,0.412771165,0.455171479,0.382734662,0.131837791,0.253467696,0.178433454,0.373358772,0.235425549,0.34402887,0.291504926,0.168032169,0.241704891,0.24531986,0.256585681,0.267336695,0.30529678,0.181554191,0.337745454,0.172675702,0.159613757,0.177692231,0.19223501,0.230147815,0.36219868,0.178362425,0.242261647,0.290831145,0.242313119,0.178729113,0.128414267,0.387693562,0.285353976,0.437492114,0.296841687,0.267266162,0.422955821,0.325895478,0.25130438,0,0.289567116,0.32349281
LTEE2.8.13,0.249733831,0.530980046,0.258908702,0.350429429,0.155094873,0.257053655,0.276036802,0.117689838,0.185825971,0.194203332,0.180069947,0.114869886,0.250246835,0.247652171,0.120839442,0.284545571,0.32295173,0.305394905,0.300174657,0.207754131,0.336735848,0.118174857,0.220130769,0.31313587,0.186423524,0.221447382,0.123645282,0.143297271,0.429974566,0.12827128,0.153124387,0.260389802,0.188124196,0.229818332,0.151920697,0.312623078,0.309111893,0.184358103,0.120786414,0.13442397,0.146218255,0.18769921,0.146912601,0.214317241,0.10970474,0.201856601,0.110686275,0.227023621,0.094516898,0.100236746,0.127684069,0.062572597,0.155685282,0.135325793,0.094041875,0.056002729,0.072065244,0.064357559,0.134128699,0.05570286,0.218587481,0.198861189,0.270206655,0.154689772,0.177738597,0.08327332,0.230481104,0.295903587,0.14861811,0.215752765,0.262842706,0.262000957,0.110492153,0.026341887,0.165421448,0.095464685,0.23806058,0.15225915,0.042914061,0.084041626,0.289567116,0,0.040342907
LTEE2.9.13,0.216109678,0.498800405,0.225366545,0.317665546,0.123873946,0.223328277,0.243566055,0.08897745,0.178029978,0.203397744,0.150616444,0.086165791,0.260366519,0.256975399,0.095104789,0.290542563,0.330050412,0.314625209,0.309654507,0.217278806,0.342806787,0.101481655,0.203238101,0.283744525,0.170999766,0.20511219,0.087086995,0.108631455,0.407203084,0.089851399,0.136074566,0.24461585,0.154890461,0.240997259,0.134680193,0.315544988,0.306152809,0.167379132,0.089110704,0.100578059,0.113556192,0.157482609,0.117433601,0.210136089,0.080950116,0.239485939,0.148773175,0.264392633,0.07267214,0.138103288,0.124146612,0.063649801,0.193709942,0.173055346,0.13200437,0.07510548,0.108893289,0.101198772,0.17107473,0.036699581,0.256573812,0.237083795,0.30469094,0.192870987,0.215724414,0.068053621,0.268307884,0.333409,0.186848765,0.253921552,0.300614454,0.299513413,0.076748487,0.052562733,0.127778781,0.133755224,0.275786172,0.116014543,0.007755275,0.120944231,0.32349281,0.040342907,0